-- 操作ログ用テストSQL
begin ;

-- Data Reset
TRUNCATE log_rec CASCADE ;
TRUNCATE user_mst CASCADE ;
TRUNCATE file_mst CASCADE ;


INSERT INTO user_mst (user_id, login_code, password, user_name, user_kana, mail, ldap_id, last_login_date, password_change_date, can_encrypt, is_administrator, can_create_user, is_locked, onetime_password_url, onetime_password_time, is_host_company, company_name, send_inviting_mail, is_revoked, login_mistake_count, regist_user_id, update_user_id, regist_date, update_date) VALUES ('000019', 's-hirayama', 'd58c0df3a084e7bddac2eb230d483049d039fa2f1e2bdbf7937bda28e5f2bcc3', '平山 清二', 'ヒラヤマ セイジ', 's-hirayama@fcobon.co.jp', NULL, '2018-10-17 15:04:46', '1970-01-01 00:00:00', 0, 0, 0, 0, NULL, NULL, 0, 'コンサルティンググループエフシーカーボン', 1, 0, 0, '000001', '000001', '2018-10-15 17:16:34', '2018-10-17 15:04:45');
INSERT INTO user_mst (user_id, login_code, password, user_name, user_kana, mail, ldap_id, last_login_date, password_change_date, can_encrypt, is_administrator, can_create_user, is_locked, onetime_password_url, onetime_password_time, is_host_company, company_name, send_inviting_mail, is_revoked, login_mistake_count, regist_user_id, update_user_id, regist_date, update_date) VALUES ('000016', 'i-oosako', '49de978c2c9657904f5cea21acc776eb1b0c68e030ce7e5854cb7affbcdfbaa4', '大迫 勲', 'オオサコ イサオ', 'i-oosako@tec.co.jp', NULL, NULL, '1970-01-01 00:00:00', 0, 0, 0, 0, NULL, NULL, 0, 'テクノロジークリエイトテクノ', 1, 0, 0, '000001', '000001', '2018-10-15 17:14:43', NULL);
INSERT INTO user_mst (user_id, login_code, password, user_name, user_kana, mail, ldap_id, last_login_date, password_change_date, can_encrypt, is_administrator, can_create_user, is_locked, onetime_password_url, onetime_password_time, is_host_company, company_name, send_inviting_mail, is_revoked, login_mistake_count, regist_user_id, update_user_id, regist_date, update_date) VALUES ('000017', 'a-yazima', 'b22a8505baa76fe425d701ccfc6e980f8c53cbbeb8884707b64a16f763f90593', '八島 文子', 'ヤジマ アヤコ', 'a-yazima@fcobon.co.jp', NULL, NULL, '1970-01-01 00:00:00', 0, 0, 0, 0, NULL, NULL, 0, 'コンサルティンググループエフシーカーボン', 1, 0, 0, '000001', '000001', '2018-10-15 17:15:42', NULL);
INSERT INTO user_mst (user_id, login_code, password, user_name, user_kana, mail, ldap_id, last_login_date, password_change_date, can_encrypt, is_administrator, can_create_user, is_locked, onetime_password_url, onetime_password_time, is_host_company, company_name, send_inviting_mail, is_revoked, login_mistake_count, regist_user_id, update_user_id, regist_date, update_date) VALUES ('000003', 'a-kogure', '885e2adc87d3a0ece558acf843bde328380fea2e179e1ba7704dacfb722fe4e2', '木暮 彩華', 'コグレ アヤカ', 'a-kogure@test-plott.co.jp', NULL, '2018-10-17 15:41:11', '1970-01-01 00:00:00', 1, 0, 1, 0, NULL, NULL, 1, 'プロット', 1, 0, 0, '000001', '000001', '2018-10-15 17:04:39', '2018-10-17 15:41:10');
INSERT INTO user_mst (user_id, login_code, password, user_name, user_kana, mail, ldap_id, last_login_date, password_change_date, can_encrypt, is_administrator, can_create_user, is_locked, onetime_password_url, onetime_password_time, is_host_company, company_name, send_inviting_mail, is_revoked, login_mistake_count, regist_user_id, update_user_id, regist_date, update_date) VALUES ('000005', 'k-turuoka', 'f30640cd4367b4b5c48013b283254fc4d87ebc9806c93f6f3809120c8642685b', '鶴岡 和恵', 'ツルオカ カズエ', 'k-turuoka@test-plott.co.jp', NULL, '2018-10-17 15:36:11', '1970-01-01 00:00:00', 1, 0, 1, 0, NULL, NULL, 1, 'プロット', 1, 0, 0, '000001', '000001', '2018-10-15 17:05:34', '2018-10-17 15:36:10');
INSERT INTO user_mst (user_id, login_code, password, user_name, user_kana, mail, ldap_id, last_login_date, password_change_date, can_encrypt, is_administrator, can_create_user, is_locked, onetime_password_url, onetime_password_time, is_host_company, company_name, send_inviting_mail, is_revoked, login_mistake_count, regist_user_id, update_user_id, regist_date, update_date) VALUES ('000018', 't-kodama', '81066ca9eb4896cb973dd18f6be5f2df6f9423d8c618d839a0d8ef74572a147a', '児玉 照雄', 'コダマ テルオ', 't-kodama@fcobon.co.jp', NULL, '2018-10-17 14:59:40', '1970-01-01 00:00:00', 0, 0, 0, 0, NULL, NULL, 0, 'コンサルティンググループエフシーカーボン', 1, 0, 0, '000001', '000001', '2018-10-15 17:16:08', '2018-10-17 14:59:40');
INSERT INTO user_mst (user_id, login_code, password, user_name, user_kana, mail, ldap_id, last_login_date, password_change_date, can_encrypt, is_administrator, can_create_user, is_locked, onetime_password_url, onetime_password_time, is_host_company, company_name, send_inviting_mail, is_revoked, login_mistake_count, regist_user_id, update_user_id, regist_date, update_date) VALUES ('000009', 'k-nomoto', 'ea74000510c8c744efe4e25a0d702aa752a763d5fe1b4f5418649df6af181a8e', '野本 胡春', 'ノモト コハル', 'k-nomoto@test-plott.co.jp', NULL, '2018-10-17 15:38:46', '1970-01-01 00:00:00', 1, 0, 1, 0, NULL, NULL, 1, 'プロット', 1, 0, 0, '000001', '000001', '2018-10-15 17:07:18', '2018-10-17 15:38:46');
INSERT INTO user_mst (user_id, login_code, password, user_name, user_kana, mail, ldap_id, last_login_date, password_change_date, can_encrypt, is_administrator, can_create_user, is_locked, onetime_password_url, onetime_password_time, is_host_company, company_name, send_inviting_mail, is_revoked, login_mistake_count, regist_user_id, update_user_id, regist_date, update_date) VALUES ('000013', 'y-ootuki', '50acbda18dbc09d60c7502ce9f2b8c9fc5445e62c3ae064d27cff69658533d51', '大月 結芽', 'オオツキ ユメ', 'y-ootuki@tec.co.jp', NULL, '2018-10-17 14:08:31', '1970-01-01 00:00:00', 0, 0, 0, 0, NULL, NULL, 0, 'テクノロジークリエイトテクノ', 1, 0, 0, '000001', '000001', '2018-10-15 17:13:30', '2018-10-17 14:08:31');
INSERT INTO user_mst (user_id, login_code, password, user_name, user_kana, mail, ldap_id, last_login_date, password_change_date, can_encrypt, is_administrator, can_create_user, is_locked, onetime_password_url, onetime_password_time, is_host_company, company_name, send_inviting_mail, is_revoked, login_mistake_count, regist_user_id, update_user_id, regist_date, update_date) VALUES ('000014', 's-usui', '2c02aafa9ed7abafb6b00b91641a1a1b713a354aeedad33757a0db4761348e3c', '臼井 伸一', 'ウスイ シンイチ', 's-usui@tec.co.jp', NULL, '2018-10-17 14:10:43', '1970-01-01 00:00:00', 0, 0, 0, 0, NULL, NULL, 0, 'テクノロジークリエイトテクノ', 1, 0, 0, '000001', '000001', '2018-10-15 17:13:59', '2018-10-17 14:10:43');
INSERT INTO user_mst (user_id, login_code, password, user_name, user_kana, mail, ldap_id, last_login_date, password_change_date, can_encrypt, is_administrator, can_create_user, is_locked, onetime_password_url, onetime_password_time, is_host_company, company_name, send_inviting_mail, is_revoked, login_mistake_count, regist_user_id, update_user_id, regist_date, update_date) VALUES ('000008', 'h-huruya', 'eed80bc0a7ccddaa5547071fc04cd260a106807e6df513111c4607faf8786c75', '古家 向日葵', 'フルヤ ヒマリ', 'h-huruya@test-plott.co.jp', NULL, '2018-10-17 15:37:52', '1970-01-01 00:00:00', 1, 0, 1, 0, NULL, NULL, 1, 'プロット', 1, 0, 0, '000001', '000001', '2018-10-15 17:06:53', '2018-10-17 15:37:52');
INSERT INTO user_mst (user_id, login_code, password, user_name, user_kana, mail, ldap_id, last_login_date, password_change_date, can_encrypt, is_administrator, can_create_user, is_locked, onetime_password_url, onetime_password_time, is_host_company, company_name, send_inviting_mail, is_revoked, login_mistake_count, regist_user_id, update_user_id, regist_date, update_date) VALUES ('000002', 'y-kumano', '230f432e94b6bcb35fedd759f82c0e1fb82cb037ad29f70c3050cf59ed1f68df', '熊野 幸也', 'クマノ ユキヤ', 'y-kumano@test-plott.co.jp', NULL, '2018-10-17 15:40:08', '1970-01-01 00:00:00', 1, 0, 1, 0, NULL, NULL, 1, 'プロット', 1, 0, 0, '000001', '000001', '2018-10-15 17:03:50', '2018-10-17 15:40:07');
INSERT INTO user_mst (user_id, login_code, password, user_name, user_kana, mail, ldap_id, last_login_date, password_change_date, can_encrypt, is_administrator, can_create_user, is_locked, onetime_password_url, onetime_password_time, is_host_company, company_name, send_inviting_mail, is_revoked, login_mistake_count, regist_user_id, update_user_id, regist_date, update_date) VALUES ('000012', 'n-kazuse', '495eab98d14e6cbaa21860cf54bcb3ba0e58cab5f3d86bd133801ff97d3e14ce', '一瀬 尚紀', 'カズセ ナオキ', 'n-kazuse@tec.co.jp', NULL, '2018-10-17 14:07:52', '1970-01-01 00:00:00', 0, 0, 0, 0, NULL, NULL, 0, 'テクノロジークリエイトテクノ', 1, 0, 0, '000001', '000001', '2018-10-15 17:10:20', '2018-10-17 14:07:51');
INSERT INTO user_mst (user_id, login_code, password, user_name, user_kana, mail, ldap_id, last_login_date, password_change_date, can_encrypt, is_administrator, can_create_user, is_locked, onetime_password_url, onetime_password_time, is_host_company, company_name, send_inviting_mail, is_revoked, login_mistake_count, regist_user_id, update_user_id, regist_date, update_date) VALUES ('000007', 's-yamaki', 'c8971dba839099737c0f2cc1486fb0bec83a672cffe420d87845ce4a9b11d46a', '山木 貞', 'ヤマキ サダ', 's-yamaki@test-plott.co.jp', NULL, '2018-10-17 15:36:50', '1970-01-01 00:00:00', 1, 0, 1, 0, NULL, NULL, 1, 'プロット', 1, 0, 0, '000001', '000001', '2018-10-15 17:06:26', '2018-10-17 15:36:50');
INSERT INTO user_mst (user_id, login_code, password, user_name, user_kana, mail, ldap_id, last_login_date, password_change_date, can_encrypt, is_administrator, can_create_user, is_locked, onetime_password_url, onetime_password_time, is_host_company, company_name, send_inviting_mail, is_revoked, login_mistake_count, regist_user_id, update_user_id, regist_date, update_date) VALUES ('000006', 'y-karino', '820d822384d3fa5b9989a762f9bfb0bf8e4867b32cde217818be9ca95163ec6e', '狩野 勇三', 'カリノ ユウゾウ', 'y-karino@test-plott.co.jp', NULL, '2018-10-17 15:47:19', '1970-01-01 00:00:00', 1, 0, 1, 0, NULL, NULL, 1, 'プロット', 1, 0, 0, '000001', '000001', '2018-10-15 17:06:01', '2018-10-17 15:47:18');
INSERT INTO user_mst (user_id, login_code, password, user_name, user_kana, mail, ldap_id, last_login_date, password_change_date, can_encrypt, is_administrator, can_create_user, is_locked, onetime_password_url, onetime_password_time, is_host_company, company_name, send_inviting_mail, is_revoked, login_mistake_count, regist_user_id, update_user_id, regist_date, update_date) VALUES ('000015', 'n-kawana', '32bd090641d65bf3d92c73355811185ec7d48f830709c6202a977512c6eda5e4', '川名 菜奈', 'カワナ ナナ', 'n-kawana@tec.co.jp', NULL, '2018-10-17 14:59:04', '1970-01-01 00:00:00', 0, 0, 0, 0, NULL, NULL, 0, 'テクノロジークリエイトテクノ', 1, 0, 0, '000001', '000001', '2018-10-15 17:14:23', '2018-10-17 14:59:03');
INSERT INTO user_mst (user_id, login_code, password, user_name, user_kana, mail, ldap_id, last_login_date, password_change_date, can_encrypt, is_administrator, can_create_user, is_locked, onetime_password_url, onetime_password_time, is_host_company, company_name, send_inviting_mail, is_revoked, login_mistake_count, regist_user_id, update_user_id, regist_date, update_date) VALUES ('000004', 'y-kusama', '539bcfadbbb74a6dc2fa9f0896594c6468d44b908187bb2d6596a93c02c7abfc', '草間 弥生', 'クサマ ヤヨイ', 'y-kusama@test-plott.co.jp', NULL, '2018-10-17 15:41:49', '1970-01-01 00:00:00', 1, 0, 1, 0, NULL, NULL, 1, 'プロット', 1, 0, 0, '000001', '000001', '2018-10-15 17:05:06', '2018-10-17 15:41:48');
INSERT INTO user_mst (user_id, login_code, password, user_name, user_kana, mail, ldap_id, last_login_date, password_change_date, can_encrypt, is_administrator, can_create_user, is_locked, onetime_password_url, onetime_password_time, is_host_company, company_name, send_inviting_mail, is_revoked, login_mistake_count, regist_user_id, update_user_id, regist_date, update_date) VALUES ('000021', 'a-tanaka', 'e84bba4afea6a0ac605e75cb7f714600a56dca199dc8393a5c4dc59712f304d4', '田中 朱莉', 'タナカ アカリ', 'a-tanaka@oriental-yu.co.jp', NULL, '2018-10-17 15:06:06', '1970-01-01 00:00:00', 0, 0, 0, 0, NULL, NULL, 0, '薬品オリエンタルユー', 1, 0, 0, '000001', '000001', '2018-10-15 18:43:49', '2018-10-17 15:06:06');
INSERT INTO user_mst (user_id, login_code, password, user_name, user_kana, mail, ldap_id, last_login_date, password_change_date, can_encrypt, is_administrator, can_create_user, is_locked, onetime_password_url, onetime_password_time, is_host_company, company_name, send_inviting_mail, is_revoked, login_mistake_count, regist_user_id, update_user_id, regist_date, update_date) VALUES ('000010', 'h-soga', 'f5b5b5b6154f1761270c5374304b38a387dcaac67e52d752eff033312c787ec2', '曽我 春美', 'ソガ ハルミ', 'h-soga@test-plott.co.jp', NULL, '2018-10-17 15:39:27', '1970-01-01 00:00:00', 1, 0, 1, 0, NULL, NULL, 1, 'プロット', 1, 0, 0, '000001', '000001', '2018-10-15 17:07:57', '2018-10-17 15:39:27');
INSERT INTO user_mst (user_id, login_code, password, user_name, user_kana, mail, ldap_id, last_login_date, password_change_date, can_encrypt, is_administrator, can_create_user, is_locked, onetime_password_url, onetime_password_time, is_host_company, company_name, send_inviting_mail, is_revoked, login_mistake_count, regist_user_id, update_user_id, regist_date, update_date) VALUES ('000011', 'e-kawamura', '5139ea5a648bf098113a0cdee6a4415b4b97c10b4b7fd51660c58b6d2b34070d', '河村 絵里', 'カワムラ エリ', 'e-kawamura@test-plott.co.jp', NULL, '2018-10-17 14:58:31', '1970-01-01 00:00:00', 1, 0, 1, 0, NULL, NULL, 1, 'プロット', 1, 0, 0, '000001', '000001', '2018-10-15 17:08:21', '2018-10-17 14:58:31');
INSERT INTO user_mst (user_id, login_code, password, user_name, user_kana, mail, ldap_id, last_login_date, password_change_date, can_encrypt, is_administrator, can_create_user, is_locked, onetime_password_url, onetime_password_time, is_host_company, company_name, send_inviting_mail, is_revoked, login_mistake_count, regist_user_id, update_user_id, regist_date, update_date) VALUES ('000020', 't-hitomi', '6dafbdbfa4360dc49e33495d52f78a29955b4617eb5acaf3b0542da1b4ef80d4', '人見 敏仁', 'ヒトミ トシヒト', 't-hitomi@oriental-yu.co.jp', NULL, '2018-10-17 15:05:30', '1970-01-01 00:00:00', 0, 0, 0, 0, NULL, NULL, 0, '薬品オリエンタルユー', 1, 0, 0, '000001', '000001', '2018-10-15 18:43:21', '2018-10-17 15:05:29');
INSERT INTO user_mst (user_id, login_code, password, user_name, user_kana, mail, ldap_id, last_login_date, password_change_date, can_encrypt, is_administrator, can_create_user, is_locked, onetime_password_url, onetime_password_time, is_host_company, company_name, send_inviting_mail, is_revoked, login_mistake_count, regist_user_id, update_user_id, regist_date, update_date) VALUES ('000001', 'admin', '8d9548f95b0a4e77a1bb8cb047da8045c76a75047613edf48f52487d08ade5eb', 'システム管理者', 'システムカンリシャ', 'plott_dummy@example.com', NULL, '2018-10-22 18:24:07', '2018-10-05 13:05:08', 1, 1, 1, 0, '                                                                ', NULL, 1, 'システム管理企業', 1, 0, 0, '000001', '      ', '2018-10-05 13:05:08', '2018-10-22 18:24:06');


INSERT INTO file_mst (file_id, group_id, file_name, password, can_decrypt, regist_user_id, update_user_id, regist_date, update_date) VALUES ('0000000001', '000000001', 'Sample-Word.docx', 'cdFNqs875670PZsj-Vt3s00-jndGOBjXY-TlnRi4NcrEFuflv3FYqlC45M8kiDOttzxIOAUjIJnzmv18k5LYJStWbsIvmINGBZdXKL5DP0emnm9CuPpMaYSFm3QeZOkK2yM5qF0oG7YE9Vp_rgQy6imHgn0b_x1ykRA8f5t-RnYvaes0EkivucYiPPmSeLyBvIyBJu5N3MiOWhIbGwl8_1', 1, '000002', '000002', '2018-10-17 13:50:06', NULL);
INSERT INTO file_mst (file_id, group_id, file_name, password, can_decrypt, regist_user_id, update_user_id, regist_date, update_date) VALUES ('0000000002', '000000001', 'Sample-Excel.xlsx', 'kTA74XIpk6gl-dHDibeYaPQcWV27jQhHv57WMl8FXS8VWmjBPa-kMPNQmVdvPDH_Xn4OfDlIsNag2bGsQLl24SNi2jmtlLCLgs3ixmrLrp_xTS1oMN8SXHO_gO7JQosrCl5C5kalaqIegmo0sJpUy36jBj2UOJ7zIp61WVzLdsEebLb7TV44sjkWCWklNpE2VV94gpjGlBCxC2-Gj5AlC2', 1, '000011', '000011', '2018-10-17 14:31:46', NULL);
INSERT INTO file_mst (file_id, group_id, file_name, password, can_decrypt, regist_user_id, update_user_id, regist_date, update_date) VALUES ('0000000003', '000000001', 'Sample-PDF.pdf', 'npfI4NSFdBEQKYoWKFXNxHmhlT8uq2mMvoHRWw-fD0xx351Ce0X2OXgk_Kdke0UlGKAFrv5GKQhTuy3tjJBfSCYPwcWpSNoDlK_ZGQdu7Ur2dZRyiipYNHYEkzxZeuHeceORimKWG02ZzbuzmcTvhW1f3L7Xv9qYEW6LJmeasY8nqf9GCKB-xsoXAV76KlghipD6Howykv6Cd985-AoM_W', 1, '000007', '000007', '2018-10-17 14:44:58', NULL);
INSERT INTO file_mst (file_id, group_id, file_name, password, can_decrypt, regist_user_id, update_user_id, regist_date, update_date) VALUES ('0000000004', '000000001', 'Sample-PPT.pptx', 'ZJuRVGtPUzRq7cqKQrhUR7pgpDEtWP2aIVPwU_DlTvML0-gd7jySZShxT52C8PveFlM6BB-JuKjAoSqOwrKhu2eNIvqUq4wbTV2PJ4Q3GYS9RdjDen0frizHvRb4VgeL9HzYw7bzp71UD-10yi4LstVtHEVvjONHEe6lD1MTw_ckTZWRUwU10VSFNxpV1IJCm5k7zFFeyqxL6y4lqu1bMf', 1, '000005', '000005', '2018-10-17 15:07:43', NULL);
INSERT INTO file_mst (file_id, group_id, file_name, password, can_decrypt, regist_user_id, update_user_id, regist_date, update_date) VALUES ('0000000005', '000000001', 'Sample-image.jpg', '0sznyDh8sw9cZLG8Y_yw4BhUZlZ71i54bYHwmdqY8U-5sFgwTekx0_oLUoD8u8dleiD8S4wb3GjEBvJMvDbfbhOHBU9W5Bm-pV7xlIWqAFVUHJ7F-E9K577g5Tf5RFmL8ro5Xc0IN59-cRmJJZ5xROOY1J3PB4TTZ_b8a4TOzRlyoajg8-PwLbFd1CFTAZ26N3ZPKnOZlnzJb3VUzgMzZL', 1, '000006', '000006', '2018-10-17 15:47:11', NULL);
INSERT INTO file_mst (file_id, group_id, file_name, password, can_decrypt, regist_user_id, update_user_id, regist_date, update_date) VALUES ('0000000006', '000000001', 'Sample-image2.jpg', '6lSevrFzwdxRcVR5GG6wZiJSxeLLZsbyxaOZ2GN8FpS8lkAeEOwiO_IB0iqHsxh7qIjOYQ-5Zr8WQ6-maCipYiESuQLXuJdrBfP7CocUhr4qUpvV7NhU_oGHu4QPvajuxfkFXfxmVVLZuaSbCwBg6QNOJqMA6PBZuxrz2rHTtvnnML5fNF8pfdB8OTGlW2YA4GG15rrnIE9J6FCP4DPdVE', 1, '000006', '000006', '2018-10-17 15:47:27', NULL);



INSERT INTO hash_mst (file_id, hash, regist_user_id, update_user_id, regist_date, update_date) VALUES ('0000000001', '865c2cfc30256267bf33e41c8ad06c16dacb192540385a218beafe5a8fef8e42', '000002', '000002', '2018-10-17 13:50:06', NULL);
INSERT INTO hash_mst (file_id, hash, regist_user_id, update_user_id, regist_date, update_date) VALUES ('0000000001', '26353d937c9efbbb7ea39ce3665fc54be05173f24d120e3ab6bcd45d18dedfda', '000014', '000014', '2018-10-17 14:10:44', NULL);
INSERT INTO hash_mst (file_id, hash, regist_user_id, update_user_id, regist_date, update_date) VALUES ('0000000002', 'f13d4eb755215f060c69ea8156dba327f54cdfa69e17664a55b86a74a74e0ca7', '000011', '000011', '2018-10-17 14:31:46', NULL);
INSERT INTO hash_mst (file_id, hash, regist_user_id, update_user_id, regist_date, update_date) VALUES ('0000000002', '8492a2e5513fcc25be9defe6376de706537d462bbda8fe3b248ae67f3243d14f', '000020', '000020', '2018-10-17 14:33:33', NULL);
INSERT INTO hash_mst (file_id, hash, regist_user_id, update_user_id, regist_date, update_date) VALUES ('0000000002', '149c8b1190852332399b3d4ca1167157e6186565b6cf8848105c41ac7b35f1eb', '000020', '000020', '2018-10-17 14:35:45', NULL);
INSERT INTO hash_mst (file_id, hash, regist_user_id, update_user_id, regist_date, update_date) VALUES ('0000000002', 'baa32de04ae65263cad83183762981af6e7b52876feac36623b97db626eb9fd3', '000011', '000011', '2018-10-17 14:37:29', NULL);
INSERT INTO hash_mst (file_id, hash, regist_user_id, update_user_id, regist_date, update_date) VALUES ('0000000002', 'b3c108b2d840b57ba6b8de2aa7494e82469f478d4f33fbec1f65dbeb4f2e73fd', '000011', '000011', '2018-10-17 14:37:38', NULL);
INSERT INTO hash_mst (file_id, hash, regist_user_id, update_user_id, regist_date, update_date) VALUES ('0000000002', 'bee05978d0525c38e58306bab3502b484efe20fdad5b664b7409ddaced57f780', '000018', '000018', '2018-10-17 14:41:31', NULL);
INSERT INTO hash_mst (file_id, hash, regist_user_id, update_user_id, regist_date, update_date) VALUES ('0000000003', '137b7f6df7bdb760c659b68f16fc9749e14acc6990868a13d0c83a6c1fdf770a', '000007', '000007', '2018-10-17 14:44:58', NULL);
INSERT INTO hash_mst (file_id, hash, regist_user_id, update_user_id, regist_date, update_date) VALUES ('0000000004', 'e8d45b9863b7a5e684d388178390891dbb5999be0e1dd2c8168dd4bdfffd62d0', '000005', '000005', '2018-10-17 15:07:44', NULL);
INSERT INTO hash_mst (file_id, hash, regist_user_id, update_user_id, regist_date, update_date) VALUES ('0000000004', 'ebd0e051a4ad35b6310d45a17c048cd8fa2c1b644110782e43d796e576baba68', '000001', '000001', '2018-10-17 15:31:30', NULL);
INSERT INTO hash_mst (file_id, hash, regist_user_id, update_user_id, regist_date, update_date) VALUES ('0000000004', 'd3c4cd1d6c2509045198be6648a9a7e4168e40836b2988166699e46abd6d1a52', '000001', '000001', '2018-10-17 15:32:03', NULL);
INSERT INTO hash_mst (file_id, hash, regist_user_id, update_user_id, regist_date, update_date) VALUES ('0000000004', '20642255ad46dbdd32d8cd06ba1c365776a0b64083f350ede98036545d2dcb84', '000004', '000004', '2018-10-17 15:34:35', NULL);
INSERT INTO hash_mst (file_id, hash, regist_user_id, update_user_id, regist_date, update_date) VALUES ('0000000004', '842b13fa5852517aca2f9cc660a79a91f8d570ff3a6e51040baeddd3b625a66f', '000005', '000005', '2018-10-17 15:36:11', NULL);
INSERT INTO hash_mst (file_id, hash, regist_user_id, update_user_id, regist_date, update_date) VALUES ('0000000005', '02244c8eed17d1dfb3a5f83cdc2e6d4ccf477f2c06bfd6a5b4f12cb5d107ab11', '000006', '000006', '2018-10-17 15:47:11', NULL);
INSERT INTO hash_mst (file_id, hash, regist_user_id, update_user_id, regist_date, update_date) VALUES ('0000000006', '05595abd900c0c3e9b2d3acc121681340e6d9e7db239bddec7b04b3ea9bb1f7b', '000006', '000006', '2018-10-17 15:47:27', NULL);



INSERT INTO log_rec (log_id, file_id, file_name, application_name, company_name, user_id, user_name, mail, client_ip_global, encrypts_user_id, encrypts_company_name, encrypts_user_name, operation_id, application_control_id, regist_date, update_date, os_user, os_display_user, host_name, mac_addr, os_version, serial_no, location, client_ip_local) VALUES ('0000000059', '0000000001', 'Sample-Word.docx', 'Microsoft Word', 'システム管理企業', '000001', 'システム管理者', 'plott_dummy@example.com', '192.168.12.88', '000002', 'プロット', '熊野 幸也', 2, NULL, '2018-10-18 16:18:27', NULL, 'MSDN', NULL, 'MSDN-PC', '00:0C:29:96:A3:BC', 'Windows 7 SP1', 'VMware-56 4d 95 64 36 50 90 57-39 3b 26 23 39 96 a3 bc', NULL, '192.168.12.88');
INSERT INTO log_rec (log_id, file_id, file_name, application_name, company_name, user_id, user_name, mail, client_ip_global, encrypts_user_id, encrypts_company_name, encrypts_user_name, operation_id, application_control_id, regist_date, update_date, os_user, os_display_user, host_name, mac_addr, os_version, serial_no, location, client_ip_local) VALUES ('0000000064', '0000000001', 'Sample-Word.docx', 'Microsoft Word', 'システム管理企業', '000001', 'システム管理者', 'plott_dummy@example.com', '192.168.12.88', '000002', 'プロット', '熊野 幸也', 2, NULL, '2018-10-18 16:36:13', NULL, 'MSDN', NULL, 'MSDN-PC', '00:0C:29:96:A3:BC', 'Windows 7 SP1', 'VMware-56 4d 95 64 36 50 90 57-39 3b 26 23 39 96 a3 bc', NULL, '192.168.12.88');
INSERT INTO log_rec (log_id, file_id, file_name, application_name, company_name, user_id, user_name, mail, client_ip_global, encrypts_user_id, encrypts_company_name, encrypts_user_name, operation_id, application_control_id, regist_date, update_date, os_user, os_display_user, host_name, mac_addr, os_version, serial_no, location, client_ip_local) VALUES ('0000000067', '0000000001', 'Sample-Word.docx', 'Microsoft Word', 'システム管理企業', '000001', 'システム管理者', 'plott_dummy@example.com', '192.168.12.88', '000002', 'プロット', '熊野 幸也', 2, NULL, '2018-10-19 16:56:00', NULL, 'MSDN', NULL, 'MSDN-PC', '00:0C:29:96:A3:BC', 'Windows 7 SP1', 'VMware-56 4d 95 64 36 50 90 57-39 3b 26 23 39 96 a3 bc', NULL, '192.168.12.88');
INSERT INTO log_rec (log_id, file_id, file_name, application_name, company_name, user_id, user_name, mail, client_ip_global, encrypts_user_id, encrypts_company_name, encrypts_user_name, operation_id, application_control_id, regist_date, update_date, os_user, os_display_user, host_name, mac_addr, os_version, serial_no, location, client_ip_local) VALUES ('0000000024', '0000000002', 'Sample-Excel.xlsx', 'Microsoft Excel', '薬品オリエンタルユー', '000020', '人見 敏仁', 't-hitomi@oriental-yu.co.jp', '197.96.12.166', '000011', 'プロット', '河村 絵里', 2, NULL, '2018-10-17 14:40:15', NULL, 't-hitomi', '人見 敏仁', 'OA-1', 'a2:8d:90:81:19:cd', 'Windows 8.1', 'xn1nZQZF', NULL, '192.168.2.46');
INSERT INTO log_rec (log_id, file_id, file_name, application_name, company_name, user_id, user_name, mail, client_ip_global, encrypts_user_id, encrypts_company_name, encrypts_user_name, operation_id, application_control_id, regist_date, update_date, os_user, os_display_user, host_name, mac_addr, os_version, serial_no, location, client_ip_local) VALUES ('0000000004', '0000000001', 'Sample-Word.docx', 'Microsoft Word', 'プロット', '000005', '鶴岡 和恵', 'k-turuoka@test-plott.co.jp', '192.168.12.115', '000002', 'プロット', '熊野 幸也', 2, NULL, '2018-10-17 14:04:52', NULL, 'k-turuoka', '鶴岡 和恵', 'PP012', '1c:8b:9b:2b:89:da', 'Windows 10', 'wpO2xYX3', NULL, '192.168.12.115');
INSERT INTO log_rec (log_id, file_id, file_name, application_name, company_name, user_id, user_name, mail, client_ip_global, encrypts_user_id, encrypts_company_name, encrypts_user_name, operation_id, application_control_id, regist_date, update_date, os_user, os_display_user, host_name, mac_addr, os_version, serial_no, location, client_ip_local) VALUES ('0000000048', '0000000004', 'Sample-PPT.pptx', 'Microsoft PowerPoint', 'プロット', '000005', '鶴岡 和恵', 'k-turuoka@test-plott.co.jp', '192.168.12.115', '000004', 'プロット', '草間 弥生', 2, NULL, '2018-10-17 15:35:54', NULL, 'k-turuoka', '鶴岡 和恵', 'PP012', '1c:8b:9b:2b:89:da', 'Windows 10', 'wpO2xYX3', NULL, '192.168.12.115');
INSERT INTO log_rec (log_id, file_id, file_name, application_name, company_name, user_id, user_name, mail, client_ip_global, encrypts_user_id, encrypts_company_name, encrypts_user_name, operation_id, application_control_id, regist_date, update_date, os_user, os_display_user, host_name, mac_addr, os_version, serial_no, location, client_ip_local) VALUES ('0000000009', '0000000001', 'Sample-Word.docx', 'Microsoft Word', 'テクノロジークリエイトテクノ', '000014', '臼井 伸一', 's-usui@tec.co.jp', '177.56.80.48', '000002', 'プロット', '熊野 幸也', 3, NULL, '2018-10-17 14:10:44', NULL, 's-usui', '臼井 伸一', 'TEC-C0103A', '48:bc:c5:d1:05:17', 'Windows 10', 'IcQHdAa6', NULL, '192.168.1.200');
INSERT INTO log_rec (log_id, file_id, file_name, application_name, company_name, user_id, user_name, mail, client_ip_global, encrypts_user_id, encrypts_company_name, encrypts_user_name, operation_id, application_control_id, regist_date, update_date, os_user, os_display_user, host_name, mac_addr, os_version, serial_no, location, client_ip_local) VALUES ('0000000014', '0000000002', 'Sample-Excel.xlsx', 'Microsoft Excel', '薬品オリエンタルユー', '000020', '人見 敏仁', 't-hitomi@oriental-yu.co.jp', '197.96.12.166', '000011', 'プロット', '河村 絵里', 3, NULL, '2018-10-17 14:33:33', NULL, 't-hitomi', '人見 敏仁', 'OA-1', 'a2:8d:90:81:19:cd', 'Windows 8.1', 'xn1nZQZF', NULL, '192.168.2.46');
INSERT INTO log_rec (log_id, file_id, file_name, application_name, company_name, user_id, user_name, mail, client_ip_global, encrypts_user_id, encrypts_company_name, encrypts_user_name, operation_id, application_control_id, regist_date, update_date, os_user, os_display_user, host_name, mac_addr, os_version, serial_no, location, client_ip_local) VALUES ('0000000023', '0000000002', 'Sample-Excel.xlsx', 'Microsoft Excel', 'コンサルティンググループエフシーカーボン', '000018', '児玉 照雄', 't-kodama@fcobon.co.jp', '217.120.113.244', '000011', 'プロット', '河村 絵里', 2, NULL, '2018-10-17 14:39:34', NULL, 't-kodama', '児玉 照雄', 'CON-H001', '95:52:5c:1e:a6:c5', 'Windows 7 SP1', 'D9Nc2HFD', NULL, '192.168.1.9');
INSERT INTO log_rec (log_id, file_id, file_name, application_name, company_name, user_id, user_name, mail, client_ip_global, encrypts_user_id, encrypts_company_name, encrypts_user_name, operation_id, application_control_id, regist_date, update_date, os_user, os_display_user, host_name, mac_addr, os_version, serial_no, location, client_ip_local) VALUES ('0000000008', '0000000001', 'Sample-Word.docx', 'Microsoft Word', 'テクノロジークリエイトテクノ', '000014', '臼井 伸一', 's-usui@tec.co.jp', '177.56.80.48', '000002', 'プロット', '熊野 幸也', 2, NULL, '2018-10-17 14:10:28', NULL, 's-usui', '臼井 伸一', 'TEC-C0103A', '48:bc:c5:d1:05:17', 'Windows 10', 'IcQHdAa6', NULL, '192.168.1.200');
INSERT INTO log_rec (log_id, file_id, file_name, application_name, company_name, user_id, user_name, mail, client_ip_global, encrypts_user_id, encrypts_company_name, encrypts_user_name, operation_id, application_control_id, regist_date, update_date, os_user, os_display_user, host_name, mac_addr, os_version, serial_no, location, client_ip_local) VALUES ('0000000010', '0000000001', 'Sample-Word.docx', 'Microsoft Word', 'プロット', '000002', '熊野 幸也', 'y-kumano@test-plott.co.jp', '192.168.12.111', '000002', 'プロット', '熊野 幸也', 2, NULL, '2018-10-17 14:11:28', NULL, 'y-kumano', '熊野 幸也', 'PP008', '75:cc:70:d0:84:b2', 'Windows 10', 'OLC39iP9', NULL, '192.168.12.111');
INSERT INTO log_rec (log_id, file_id, file_name, application_name, company_name, user_id, user_name, mail, client_ip_global, encrypts_user_id, encrypts_company_name, encrypts_user_name, operation_id, application_control_id, regist_date, update_date, os_user, os_display_user, host_name, mac_addr, os_version, serial_no, location, client_ip_local) VALUES ('0000000020', '0000000002', 'Sample-Excel.xlsx', 'Microsoft Excel', 'プロット', '000011', '河村 絵里', 'e-kawamura@test-plott.co.jp', '192.168.12.110', '000020', '薬品オリエンタルユー', '人見 敏仁', 3, NULL, '2018-10-17 14:37:29', NULL, 'e-kawamura', '河村 絵里', 'PP007', 'de:1c:b0:4d:d0:49', 'Windows 10', 'dDeR27I1', NULL, '192.168.12.110');
INSERT INTO log_rec (log_id, file_id, file_name, application_name, company_name, user_id, user_name, mail, client_ip_global, encrypts_user_id, encrypts_company_name, encrypts_user_name, operation_id, application_control_id, regist_date, update_date, os_user, os_display_user, host_name, mac_addr, os_version, serial_no, location, client_ip_local) VALUES ('0000000016', '0000000002', 'Sample-Excel.xlsx', 'Microsoft Excel', '薬品オリエンタルユー', '000020', '人見 敏仁', 't-hitomi@oriental-yu.co.jp', '197.96.12.166', '000020', '薬品オリエンタルユー', '人見 敏仁', 2, NULL, '2018-10-17 14:35:32', NULL, 't-hitomi', '人見 敏仁', 'OA-1', 'a2:8d:90:81:19:cd', 'Windows 8.1', 'xn1nZQZF', NULL, '192.168.2.46');
INSERT INTO log_rec (log_id, file_id, file_name, application_name, company_name, user_id, user_name, mail, client_ip_global, encrypts_user_id, encrypts_company_name, encrypts_user_name, operation_id, application_control_id, regist_date, update_date, os_user, os_display_user, host_name, mac_addr, os_version, serial_no, location, client_ip_local) VALUES ('0000000033', '0000000003', 'Sample-PDF.pdf', 'Acrobat Reader DC', 'プロット', '000010', '曽我 春美', 'h-soga@test-plott.co.jp', '192.168.12.108', '000007', 'プロット', '山木 貞', 2, NULL, '2018-10-17 14:58:07', NULL, 'h-soga', '曽我 春美', 'PP005', '91:55:5a:d9:ac:3e', 'Windows 10', 'EJlgLqLD', NULL, '192.168.12.108');
INSERT INTO log_rec (log_id, file_id, file_name, application_name, company_name, user_id, user_name, mail, client_ip_global, encrypts_user_id, encrypts_company_name, encrypts_user_name, operation_id, application_control_id, regist_date, update_date, os_user, os_display_user, host_name, mac_addr, os_version, serial_no, location, client_ip_local) VALUES ('0000000026', '0000000002', 'Sample-Excel.xlsx', 'Microsoft Excel', 'コンサルティンググループエフシーカーボン', '000018', '児玉 照雄', 't-kodama@fcobon.co.jp', '217.120.113.244', '000011', 'プロット', '河村 絵里', 3, NULL, '2018-10-17 14:41:31', NULL, 't-kodama', '児玉 照雄', 'CON-H001', '95:52:5c:1e:a6:c5', 'Windows 7 SP1', 'D9Nc2HFD', NULL, '192.168.1.9');
INSERT INTO log_rec (log_id, file_id, file_name, application_name, company_name, user_id, user_name, mail, client_ip_global, encrypts_user_id, encrypts_company_name, encrypts_user_name, operation_id, application_control_id, regist_date, update_date, os_user, os_display_user, host_name, mac_addr, os_version, serial_no, location, client_ip_local) VALUES ('0000000052', '0000000004', 'Sample-PPT.pptx', 'Microsoft PowerPoint', 'プロット', '000009', '野本 胡春', 'k-nomoto@test-plott.co.jp', '192.168.12.114', '000005', 'プロット', '鶴岡 和恵', 2, NULL, '2018-10-17 15:38:48', NULL, 'k-nomoto', '野本 胡春', 'PP011', 'b7:8c:a0:59:82:37', 'Windows 10', 'lnj0rZNb', NULL, '192.168.12.114');
INSERT INTO log_rec (log_id, file_id, file_name, application_name, company_name, user_id, user_name, mail, client_ip_global, encrypts_user_id, encrypts_company_name, encrypts_user_name, operation_id, application_control_id, regist_date, update_date, os_user, os_display_user, host_name, mac_addr, os_version, serial_no, location, client_ip_local) VALUES ('0000000039', '0000000003', 'Sample-PDF.pdf', 'Acrobat Reader DC', '薬品オリエンタルユー', '000021', '田中 朱莉', 'a-tanaka@oriental-yu.co.jp', '197.96.12.166', '000007', 'プロット', '山木 貞', 2, NULL, '2018-10-17 15:06:09', NULL, 'a-tanaka', '田中 朱莉', 'OA-23', '0a:24:a0:34:84:db', 'Windows 8.1', 'Nw5fvtkT', NULL, '192.168.2.6');
INSERT INTO log_rec (log_id, file_id, file_name, application_name, company_name, user_id, user_name, mail, client_ip_global, encrypts_user_id, encrypts_company_name, encrypts_user_name, operation_id, application_control_id, regist_date, update_date, os_user, os_display_user, host_name, mac_addr, os_version, serial_no, location, client_ip_local) VALUES ('0000000036', '0000000003', 'Sample-PDF.pdf', 'Acrobat Reader DC', 'コンサルティンググループエフシーカーボン', '000018', '児玉 照雄', 't-kodama@fcobon.co.jp', '217.120.113.244', '000007', 'プロット', '山木 貞', 2, NULL, '2018-10-17 14:59:42', NULL, 't-kodama', '児玉 照雄', 'CON-H001', '95:52:5c:1e:a6:c5', 'Windows 7 SP1', 'D9Nc2HFD', NULL, '192.168.1.9');
INSERT INTO log_rec (log_id, file_id, file_name, application_name, company_name, user_id, user_name, mail, client_ip_global, encrypts_user_id, encrypts_company_name, encrypts_user_name, operation_id, application_control_id, regist_date, update_date, os_user, os_display_user, host_name, mac_addr, os_version, serial_no, location, client_ip_local) VALUES ('0000000055', '0000000004', 'Sample-PPT.pptx', 'Microsoft PowerPoint', 'プロット', '000003', '木暮 彩華', 'a-kogure@test-plott.co.jp', '192.168.12.109', '000001', 'プロット', '熊野 幸也', 2, NULL, '2018-10-17 15:41:12', NULL, 'a-kogure', '木暮 彩華', 'PP006', '95:2b:e6:ba:27:cc', 'Windows 10', 'M8DhEMG3', NULL, '192.168.12.109');
INSERT INTO log_rec (log_id, file_id, file_name, application_name, company_name, user_id, user_name, mail, client_ip_global, encrypts_user_id, encrypts_company_name, encrypts_user_name, operation_id, application_control_id, regist_date, update_date, os_user, os_display_user, host_name, mac_addr, os_version, serial_no, location, client_ip_local) VALUES ('0000000053', '0000000004', 'Sample-PPT.pptx', 'Microsoft PowerPoint', 'プロット', '000010', '曽我 春美', 'h-soga@test-plott.co.jp', '192.168.12.108', '000004', 'プロット', '草間 弥生', 2, NULL, '2018-10-17 15:39:30', NULL, 'h-soga', '曽我 春美', 'PP005', '91:55:5a:d9:ac:3e', 'Windows 10', 'EJlgLqLD', NULL, '192.168.12.108');
INSERT INTO log_rec (log_id, file_id, file_name, application_name, company_name, user_id, user_name, mail, client_ip_global, encrypts_user_id, encrypts_company_name, encrypts_user_name, operation_id, application_control_id, regist_date, update_date, os_user, os_display_user, host_name, mac_addr, os_version, serial_no, location, client_ip_local) VALUES ('0000000006', '0000000001', 'Sample-Word.docx', 'Microsoft Word', 'テクノロジークリエイトテクノ', '000012', '一瀬 尚紀', 'n-kazuse@tec.co.jp', '177.56.80.48', '000002', 'プロット', '熊野 幸也', 2, NULL, '2018-10-17 14:07:55', NULL, 'n-kazuse', '一瀬 尚紀', 'TEC-C0103A', '48:bc:c5:d1:05:17', 'Windows 10', 'IcQHdAa6', NULL, '192.168.1.200');
INSERT INTO log_rec (log_id, file_id, file_name, application_name, company_name, user_id, user_name, mail, client_ip_global, encrypts_user_id, encrypts_company_name, encrypts_user_name, operation_id, application_control_id, regist_date, update_date, os_user, os_display_user, host_name, mac_addr, os_version, serial_no, location, client_ip_local) VALUES ('0000000047', '0000000004', 'Sample-PPT.pptx', 'Microsoft PowerPoint', 'プロット', '000006', '狩野 勇三', 'y-karino@test-plott.co.jp', '192.168.12.112', '000004', 'プロット', '草間 弥生', 2, NULL, '2018-10-17 15:35:15', NULL, 'y-karino', '狩野 勇三', 'PP009', '82:62:17:52:10:c8', 'Windows 10', 'szYhFa4r', NULL, '192.168.12.112');
INSERT INTO log_rec (log_id, file_id, file_name, application_name, company_name, user_id, user_name, mail, client_ip_global, encrypts_user_id, encrypts_company_name, encrypts_user_name, operation_id, application_control_id, regist_date, update_date, os_user, os_display_user, host_name, mac_addr, os_version, serial_no, location, client_ip_local) VALUES ('0000000012', '0000000002', 'Sample-Excel.xlsx', 'Microsoft Excel', 'コンサルティンググループエフシーカーボン', '000018', '児玉 照雄', 't-kodama@fcobon.co.jp', '217.120.113.244', '000011', 'プロット', '河村 絵里', 2, NULL, '2018-10-17 14:32:38', NULL, 't-kodama', '児玉 照雄', 'CON-H001', '95:52:5c:1e:a6:c5', 'Windows 7 SP1', 'D9Nc2HFD', NULL, '192.168.1.9');
INSERT INTO log_rec (log_id, file_id, file_name, application_name, company_name, user_id, user_name, mail, client_ip_global, encrypts_user_id, encrypts_company_name, encrypts_user_name, operation_id, application_control_id, regist_date, update_date, os_user, os_display_user, host_name, mac_addr, os_version, serial_no, location, client_ip_local) VALUES ('0000000007', '0000000001', 'Sample-Word.docx', 'Microsoft Word', 'テクノロジークリエイトテクノ', '000013', '大月 結芽', 'y-ootuki@tec.co.jp', '177.56.80.48', '000002', 'プロット', '熊野 幸也', 2, NULL, '2018-10-17 14:08:33', NULL, 'y-ootuki', '大月 結芽', 'TEC-C0103A', '48:bc:c5:d1:05:17', 'Windows 10', 'IcQHdAa6', NULL, '192.168.1.200');
INSERT INTO log_rec (log_id, file_id, file_name, application_name, company_name, user_id, user_name, mail, client_ip_global, encrypts_user_id, encrypts_company_name, encrypts_user_name, operation_id, application_control_id, regist_date, update_date, os_user, os_display_user, host_name, mac_addr, os_version, serial_no, location, client_ip_local) VALUES ('0000000035', '0000000003', 'Sample-PDF.pdf', 'Acrobat Reader DC', 'テクノロジークリエイトテクノ', '000015', '川名 菜奈', 'n-kawana@tec.co.jp', '177.56.80.48', '000007', 'プロット', '山木 貞', 2, NULL, '2018-10-17 14:59:07', NULL, 'n-kawana', '川名 菜奈', 'TEC-C0103A', '48:bc:c5:d1:05:17', 'Windows 10', 'IcQHdAa6', NULL, '192.168.1.200');
INSERT INTO log_rec (log_id, file_id, file_name, application_name, company_name, user_id, user_name, mail, client_ip_global, encrypts_user_id, encrypts_company_name, encrypts_user_name, operation_id, application_control_id, regist_date, update_date, os_user, os_display_user, host_name, mac_addr, os_version, serial_no, location, client_ip_local) VALUES ('0000000060', '0000000001', 'Sample-Word.docx', 'Microsoft Word', 'システム管理企業', '000001', 'システム管理者', 'plott_dummy@example.com', '192.168.12.88', '000002', 'プロット', '熊野 幸也', 2, NULL, '2018-10-18 16:22:26', NULL, 'MSDN', NULL, 'MSDN-PC', '00:0C:29:96:A3:BC', 'Windows 7 SP1', 'VMware-56 4d 95 64 36 50 90 57-39 3b 26 23 39 96 a3 bc', NULL, '192.168.12.88');
INSERT INTO log_rec (log_id, file_id, file_name, application_name, company_name, user_id, user_name, mail, client_ip_global, encrypts_user_id, encrypts_company_name, encrypts_user_name, operation_id, application_control_id, regist_date, update_date, os_user, os_display_user, host_name, mac_addr, os_version, serial_no, location, client_ip_local) VALUES ('0000000065', '0000000001', 'Sample-Word.docx', 'Microsoft Word', 'システム管理企業', '000001', 'システム管理者', 'plott_dummy@example.com', '192.168.12.88', '000002', 'プロット', '熊野 幸也', 2, NULL, '2018-10-18 16:41:31', NULL, 'MSDN', NULL, 'MSDN-PC', '00:0C:29:96:A3:BC', 'Windows 7 SP1', 'VMware-56 4d 95 64 36 50 90 57-39 3b 26 23 39 96 a3 bc', NULL, '192.168.12.88');
INSERT INTO log_rec (log_id, file_id, file_name, application_name, company_name, user_id, user_name, mail, client_ip_global, encrypts_user_id, encrypts_company_name, encrypts_user_name, operation_id, application_control_id, regist_date, update_date, os_user, os_display_user, host_name, mac_addr, os_version, serial_no, location, client_ip_local) VALUES ('0000000068', '0000000001', 'Sample-Word.docx', 'Microsoft Word', 'システム管理企業', '000001', 'システム管理者', 'plott_dummy@example.com', '192.168.12.88', '000002', 'プロット', '熊野 幸也', 2, NULL, '2018-10-19 16:59:30', NULL, 'MSDN', NULL, 'MSDN-PC', '00:0C:29:96:A3:BC', 'Windows 7 SP1', 'VMware-56 4d 95 64 36 50 90 57-39 3b 26 23 39 96 a3 bc', NULL, '192.168.12.88');
INSERT INTO log_rec (log_id, file_id, file_name, application_name, company_name, user_id, user_name, mail, client_ip_global, encrypts_user_id, encrypts_company_name, encrypts_user_name, operation_id, application_control_id, regist_date, update_date, os_user, os_display_user, host_name, mac_addr, os_version, serial_no, location, client_ip_local) VALUES ('0000000021', '0000000002', 'Sample-Excel.xlsx', 'Microsoft Excel', 'プロット', '000011', '河村 絵里', 'e-kawamura@test-plott.co.jp', '192.168.12.110', '000020', '薬品オリエンタルユー', '人見 敏仁', 3, NULL, '2018-10-17 14:37:38', NULL, 'e-kawamura', '河村 絵里', 'PP007', 'de:1c:b0:4d:d0:49', 'Windows 10', 'dDeR27I1', NULL, '192.168.12.110');
INSERT INTO log_rec (log_id, file_id, file_name, application_name, company_name, user_id, user_name, mail, client_ip_global, encrypts_user_id, encrypts_company_name, encrypts_user_name, operation_id, application_control_id, regist_date, update_date, os_user, os_display_user, host_name, mac_addr, os_version, serial_no, location, client_ip_local) VALUES ('0000000030', '0000000003', 'Sample-PDF.pdf', 'Acrobat Reader DC', 'プロット', '000008', '古家 向日葵', 'h-huruya@test-plott.co.jp', '192.168.12.106', '000007', 'プロット', '山木 貞', 2, NULL, '2018-10-17 14:53:43', NULL, 'h-huruya', '古家 向日葵', 'PP003', 'd0:e0:ba:aa:d6:e9', 'Windows 10', 'MVu4xRXI', NULL, '192.168.12.106');
INSERT INTO log_rec (log_id, file_id, file_name, application_name, company_name, user_id, user_name, mail, client_ip_global, encrypts_user_id, encrypts_company_name, encrypts_user_name, operation_id, application_control_id, regist_date, update_date, os_user, os_display_user, host_name, mac_addr, os_version, serial_no, location, client_ip_local) VALUES ('0000000044', '0000000004', 'Sample-PPT.pptx', 'Microsoft PowerPoint', 'プロット', '000003', '木暮 彩華', 'a-kogure@test-plott.co.jp', '192.168.12.109', '000005', 'プロット', '鶴岡 和恵', 2, NULL, '2018-10-17 15:33:15', NULL, 'a-kogure', '木暮 彩華', 'PP006', '95:2b:e6:ba:27:cc', 'Windows 10', 'M8DhEMG3', NULL, '192.168.12.109');
INSERT INTO log_rec (log_id, file_id, file_name, application_name, company_name, user_id, user_name, mail, client_ip_global, encrypts_user_id, encrypts_company_name, encrypts_user_name, operation_id, application_control_id, regist_date, update_date, os_user, os_display_user, host_name, mac_addr, os_version, serial_no, location, client_ip_local) VALUES ('0000000049', '0000000004', 'Sample-PPT.pptx', 'Microsoft PowerPoint', 'プロット', '000005', '鶴岡 和恵', 'k-turuoka@test-plott.co.jp', '192.168.12.115', '000004', 'プロット', '草間 弥生', 3, NULL, '2018-10-17 15:36:11', NULL, 'k-turuoka', '鶴岡 和恵', 'PP012', '1c:8b:9b:2b:89:da', 'Windows 10', 'wpO2xYX3', NULL, '192.168.12.115');
INSERT INTO log_rec (log_id, file_id, file_name, application_name, company_name, user_id, user_name, mail, client_ip_global, encrypts_user_id, encrypts_company_name, encrypts_user_name, operation_id, application_control_id, regist_date, update_date, os_user, os_display_user, host_name, mac_addr, os_version, serial_no, location, client_ip_local) VALUES ('0000000038', '0000000003', 'Sample-PDF.pdf', 'Acrobat Reader DC', '薬品オリエンタルユー', '000020', '人見 敏仁', 't-hitomi@oriental-yu.co.jp', '197.96.12.166', '000007', 'プロット', '山木 貞', 2, NULL, '2018-10-17 15:05:33', NULL, 't-hitomi', '人見 敏仁', 'OA-1', 'a2:8d:90:81:19:cd', 'Windows 8.1', 'xn1nZQZF', NULL, '192.168.2.46');
INSERT INTO log_rec (log_id, file_id, file_name, application_name, company_name, user_id, user_name, mail, client_ip_global, encrypts_user_id, encrypts_company_name, encrypts_user_name, operation_id, application_control_id, regist_date, update_date, os_user, os_display_user, host_name, mac_addr, os_version, serial_no, location, client_ip_local) VALUES ('0000000001', '0000000001', 'Sample-Word.docx', 'File Defender', 'プロット', '000002', '熊野 幸也', 'y-kumano@test-plott.co.jp', '192.168.12.111', '000002', 'プロット', '熊野 幸也', 1, NULL, '2018-10-17 13:50:06', NULL, 'y-kumano', '熊野 幸也', 'PP008', '75:cc:70:d0:84:b2', 'Windows 10', 'OLC39iP9', NULL, '192.168.12.111');
INSERT INTO log_rec (log_id, file_id, file_name, application_name, company_name, user_id, user_name, mail, client_ip_global, encrypts_user_id, encrypts_company_name, encrypts_user_name, operation_id, application_control_id, regist_date, update_date, os_user, os_display_user, host_name, mac_addr, os_version, serial_no, location, client_ip_local) VALUES ('0000000002', '0000000001', 'Sample-Word.docx', 'Microsoft Word', 'プロット', '000003', '木暮 彩華', 'a-kogure@test-plott.co.jp', '192.168.12.109', '000002', 'プロット', '熊野 幸也', 2, NULL, '2018-10-17 13:50:56', NULL, 'a-kogure', '木暮 彩華', 'PP006', '95:2b:e6:ba:27:cc', 'Windows 10', 'M8DhEMG3', NULL, '192.168.12.109');
INSERT INTO log_rec (log_id, file_id, file_name, application_name, company_name, user_id, user_name, mail, client_ip_global, encrypts_user_id, encrypts_company_name, encrypts_user_name, operation_id, application_control_id, regist_date, update_date, os_user, os_display_user, host_name, mac_addr, os_version, serial_no, location, client_ip_local) VALUES ('0000000051', '0000000004', 'Sample-PPT.pptx', 'Microsoft PowerPoint', 'プロット', '000008', '古家 向日葵', 'h-huruya@test-plott.co.jp', '192.168.12.106', '000005', 'プロット', '鶴岡 和恵', 2, NULL, '2018-10-17 15:37:55', NULL, 'h-huruya', '古家 向日葵', 'PP003', 'd0:e0:ba:aa:d6:e9', 'Windows 10', 'MVu4xRXI', NULL, '192.168.12.106');
INSERT INTO log_rec (log_id, file_id, file_name, application_name, company_name, user_id, user_name, mail, client_ip_global, encrypts_user_id, encrypts_company_name, encrypts_user_name, operation_id, application_control_id, regist_date, update_date, os_user, os_display_user, host_name, mac_addr, os_version, serial_no, location, client_ip_local) VALUES ('0000000011', '0000000002', 'Sample-Excel.xlsx', 'File Defender', 'プロット', '000011', '河村 絵里', 'e-kawamura@test-plott.co.jp', '192.168.12.110', '000011', 'プロット', '河村 絵里', 1, NULL, '2018-10-17 14:31:46', NULL, 'e-kawamura', '河村 絵里', 'PP007', 'de:1c:b0:4d:d0:49', 'Windows 10', 'dDeR27I1', NULL, '192.168.12.110');
INSERT INTO log_rec (log_id, file_id, file_name, application_name, company_name, user_id, user_name, mail, client_ip_global, encrypts_user_id, encrypts_company_name, encrypts_user_name, operation_id, application_control_id, regist_date, update_date, os_user, os_display_user, host_name, mac_addr, os_version, serial_no, location, client_ip_local) VALUES ('0000000015', '0000000002', 'Sample-Excel.xlsx', 'Microsoft Excel', 'プロット', '000011', '河村 絵里', 'e-kawamura@test-plott.co.jp', '192.168.12.110', '000020', '薬品オリエンタルユー', '人見 敏仁', 2, NULL, '2018-10-17 14:34:38', NULL, 'e-kawamura', '河村 絵里', 'PP007', 'de:1c:b0:4d:d0:49', 'Windows 10', 'dDeR27I1', NULL, '192.168.12.110');
INSERT INTO log_rec (log_id, file_id, file_name, application_name, company_name, user_id, user_name, mail, client_ip_global, encrypts_user_id, encrypts_company_name, encrypts_user_name, operation_id, application_control_id, regist_date, update_date, os_user, os_display_user, host_name, mac_addr, os_version, serial_no, location, client_ip_local) VALUES ('0000000005', '0000000001', 'Sample-Word.docx', 'Microsoft Word', 'プロット', '000006', '狩野 勇三', 'y-karino@test-plott.co.jp', '192.168.12.112', '000002', 'プロット', '熊野 幸也', 2, NULL, '2018-10-17 14:06:45', NULL, 'y-karino', '狩野 勇三', 'PP009', '82:62:17:52:10:c8', 'Windows 10', 'szYhFa4r', NULL, '192.168.12.112');
INSERT INTO log_rec (log_id, file_id, file_name, application_name, company_name, user_id, user_name, mail, client_ip_global, encrypts_user_id, encrypts_company_name, encrypts_user_name, operation_id, application_control_id, regist_date, update_date, os_user, os_display_user, host_name, mac_addr, os_version, serial_no, location, client_ip_local) VALUES ('0000000003', '0000000001', 'Sample-Word.docx', 'Microsoft Word', 'プロット', '000004', '草間 弥生', 'y-kusama@test-plott.co.jp', '192.168.12.113', '000002', 'プロット', '熊野 幸也', 2, NULL, '2018-10-17 14:02:43', NULL, 'y-kusama', '草間 弥生', 'PP010', '5e:80:07:8e:cd:7a', 'Windows 10', 'IRsAIlU2', NULL, '192.168.12.113');
INSERT INTO log_rec (log_id, file_id, file_name, application_name, company_name, user_id, user_name, mail, client_ip_global, encrypts_user_id, encrypts_company_name, encrypts_user_name, operation_id, application_control_id, regist_date, update_date, os_user, os_display_user, host_name, mac_addr, os_version, serial_no, location, client_ip_local) VALUES ('0000000028', '0000000002', 'Sample-Excel.xlsx', 'Microsoft Excel', 'プロット', '000010', '曽我 春美', 'h-soga@test-plott.co.jp', '192.168.12.108', '000018', 'コンサルティンググループエフシーカーボン', '児玉 照雄', 2, NULL, '2018-10-17 14:43:33', NULL, 'h-soga', '曽我 春美', 'PP005', '91:55:5a:d9:ac:3e', 'Windows 10', 'EJlgLqLD', NULL, '192.168.12.108');
INSERT INTO log_rec (log_id, file_id, file_name, application_name, company_name, user_id, user_name, mail, client_ip_global, encrypts_user_id, encrypts_company_name, encrypts_user_name, operation_id, application_control_id, regist_date, update_date, os_user, os_display_user, host_name, mac_addr, os_version, serial_no, location, client_ip_local) VALUES ('0000000031', '0000000003', 'Sample-PDF.pdf', 'Acrobat Reader DC', 'プロット', '000008', '古家 向日葵', 'h-huruya@test-plott.co.jp', '192.168.12.106', '000007', 'プロット', '山木 貞', 2, NULL, '2018-10-17 14:53:51', NULL, 'h-huruya', '古家 向日葵', 'PP003', 'd0:e0:ba:aa:d6:e9', 'Windows 10', 'MVu4xRXI', NULL, '192.168.12.106');
INSERT INTO log_rec (log_id, file_id, file_name, application_name, company_name, user_id, user_name, mail, client_ip_global, encrypts_user_id, encrypts_company_name, encrypts_user_name, operation_id, application_control_id, regist_date, update_date, os_user, os_display_user, host_name, mac_addr, os_version, serial_no, location, client_ip_local) VALUES ('0000000037', '0000000003', 'Sample-PDF.pdf', 'Acrobat Reader DC', 'コンサルティンググループエフシーカーボン', '000019', '平山 清二', 's-hirayama@fcobon.co.jp', '217.120.113.244', '000007', 'プロット', '山木 貞', 2, NULL, '2018-10-17 15:04:48', NULL, 's-hirayama', '平山 清二', 'CON-H002', '95:cd:51:43:8d:d3', 'Windows 7 SP1', 'ISQl4KJK', NULL, '192.168.1.10');
INSERT INTO log_rec (log_id, file_id, file_name, application_name, company_name, user_id, user_name, mail, client_ip_global, encrypts_user_id, encrypts_company_name, encrypts_user_name, operation_id, application_control_id, regist_date, update_date, os_user, os_display_user, host_name, mac_addr, os_version, serial_no, location, client_ip_local) VALUES ('0000000027', '0000000002', 'Sample-Excel.xlsx', 'Microsoft Excel', 'プロット', '000011', '河村 絵里', 'e-kawamura@test-plott.co.jp', '192.168.12.110', '000011', 'プロット', '河村 絵里', 2, NULL, '2018-10-17 14:42:55', NULL, 'e-kawamura', '河村 絵里', 'PP007', 'de:1c:b0:4d:d0:49', 'Windows 10', 'dDeR27I1', NULL, '192.168.12.110');
INSERT INTO log_rec (log_id, file_id, file_name, application_name, company_name, user_id, user_name, mail, client_ip_global, encrypts_user_id, encrypts_company_name, encrypts_user_name, operation_id, application_control_id, regist_date, update_date, os_user, os_display_user, host_name, mac_addr, os_version, serial_no, location, client_ip_local) VALUES ('0000000029', '0000000003', 'Sample-PDF.pdf', 'File Defender', 'プロット', '000007', '山木 貞', 's-yamaki@test-plott.co.jp', '192.168.12.107', '000007', 'プロット', '山木 貞', 1, NULL, '2018-10-17 14:44:58', NULL, 's-yamaki', '山木 貞', 'PP004', '64:2d:47:4c:6d:92', 'Windows 10', 's4lembqt', NULL, '192.168.12.107');
INSERT INTO log_rec (log_id, file_id, file_name, application_name, company_name, user_id, user_name, mail, client_ip_global, encrypts_user_id, encrypts_company_name, encrypts_user_name, operation_id, application_control_id, regist_date, update_date, os_user, os_display_user, host_name, mac_addr, os_version, serial_no, location, client_ip_local) VALUES ('0000000032', '0000000003', 'Sample-PDF.pdf', 'Acrobat Reader DC', 'プロット', '000009', '野本 胡春', 'k-nomoto@test-plott.co.jp', '192.168.12.114', '000007', 'プロット', '山木 貞', 2, NULL, '2018-10-17 14:57:39', NULL, 'k-nomoto', '野本 胡春', 'PP011', 'b7:8c:a0:59:82:37', 'Windows 10', 'lnj0rZNb', NULL, '192.168.12.114');
INSERT INTO log_rec (log_id, file_id, file_name, application_name, company_name, user_id, user_name, mail, client_ip_global, encrypts_user_id, encrypts_company_name, encrypts_user_name, operation_id, application_control_id, regist_date, update_date, os_user, os_display_user, host_name, mac_addr, os_version, serial_no, location, client_ip_local) VALUES ('0000000040', '0000000004', 'Sample-PPT.pptx', 'File Defender', 'プロット', '000005', '鶴岡 和恵', 'k-turuoka@test-plott.co.jp', '192.168.12.115', '000005', 'プロット', '鶴岡 和恵', 1, NULL, '2018-10-17 15:07:44', NULL, 'k-turuoka', '鶴岡 和恵', 'PP012', '1c:8b:9b:2b:89:da', 'Windows 10', 'wpO2xYX3', NULL, '192.168.12.115');
INSERT INTO log_rec (log_id, file_id, file_name, application_name, company_name, user_id, user_name, mail, client_ip_global, encrypts_user_id, encrypts_company_name, encrypts_user_name, operation_id, application_control_id, regist_date, update_date, os_user, os_display_user, host_name, mac_addr, os_version, serial_no, location, client_ip_local) VALUES ('0000000025', '0000000002', 'Sample-Excel.xlsx', 'Microsoft Excel', 'コンサルティンググループエフシーカーボン', '000018', '児玉 照雄', 't-kodama@fcobon.co.jp', '217.120.113.244', '000011', 'プロット', '河村 絵里', 2, NULL, '2018-10-17 14:41:21', NULL, 't-kodama', '児玉 照雄', 'CON-H001', '95:52:5c:1e:a6:c5', 'Windows 7 SP1', 'D9Nc2HFD', NULL, '192.168.1.9');
INSERT INTO log_rec (log_id, file_id, file_name, application_name, company_name, user_id, user_name, mail, client_ip_global, encrypts_user_id, encrypts_company_name, encrypts_user_name, operation_id, application_control_id, regist_date, update_date, os_user, os_display_user, host_name, mac_addr, os_version, serial_no, location, client_ip_local) VALUES ('0000000034', '0000000003', 'Sample-PDF.pdf', 'Acrobat Reader DC', 'プロット', '000011', '河村 絵里', 'e-kawamura@test-plott.co.jp', '192.168.12.110', '000007', 'プロット', '山木 貞', 2, NULL, '2018-10-17 14:58:35', NULL, 'e-kawamura', '河村 絵里', 'PP007', 'de:1c:b0:4d:d0:49', 'Windows 10', 'dDeR27I1', NULL, '192.168.12.110');
INSERT INTO log_rec (log_id, file_id, file_name, application_name, company_name, user_id, user_name, mail, client_ip_global, encrypts_user_id, encrypts_company_name, encrypts_user_name, operation_id, application_control_id, regist_date, update_date, os_user, os_display_user, host_name, mac_addr, os_version, serial_no, location, client_ip_local) VALUES ('0000000019', '0000000002', 'Sample-Excel.xlsx', 'Microsoft Excel', 'プロット', '000011', '河村 絵里', 'e-kawamura@test-plott.co.jp', '192.168.12.110', '000020', '薬品オリエンタルユー', '人見 敏仁', 2, NULL, '2018-10-17 14:37:20', NULL, 'e-kawamura', '河村 絵里', 'PP007', 'de:1c:b0:4d:d0:49', 'Windows 10', 'dDeR27I1', NULL, '192.168.12.110');
INSERT INTO log_rec (log_id, file_id, file_name, application_name, company_name, user_id, user_name, mail, client_ip_global, encrypts_user_id, encrypts_company_name, encrypts_user_name, operation_id, application_control_id, regist_date, update_date, os_user, os_display_user, host_name, mac_addr, os_version, serial_no, location, client_ip_local) VALUES ('0000000061', '0000000001', 'Sample-Word.docx', 'Microsoft Word', 'システム管理企業', '000001', 'システム管理者', 'plott_dummy@example.com', '192.168.12.88', '000002', 'プロット', '熊野 幸也', 2, NULL, '2018-10-18 16:24:09', NULL, 'MSDN', NULL, 'MSDN-PC', '00:0C:29:96:A3:BC', 'Windows 7 SP1', 'VMware-56 4d 95 64 36 50 90 57-39 3b 26 23 39 96 a3 bc', NULL, '192.168.12.88');
INSERT INTO log_rec (log_id, file_id, file_name, application_name, company_name, user_id, user_name, mail, client_ip_global, encrypts_user_id, encrypts_company_name, encrypts_user_name, operation_id, application_control_id, regist_date, update_date, os_user, os_display_user, host_name, mac_addr, os_version, serial_no, location, client_ip_local) VALUES ('0000000066', '0000000001', 'Sample-Word.docx', 'Microsoft Word', 'システム管理企業', '000001', 'システム管理者', 'plott_dummy@example.com', '192.168.12.88', '000002', 'プロット', '熊野 幸也', 2, NULL, '2018-10-18 16:47:24', NULL, 'MSDN', NULL, 'MSDN-PC', '00:0C:29:96:A3:BC', 'Windows 7 SP1', 'VMware-56 4d 95 64 36 50 90 57-39 3b 26 23 39 96 a3 bc', NULL, '192.168.12.88');
INSERT INTO log_rec (log_id, file_id, file_name, application_name, company_name, user_id, user_name, mail, client_ip_global, encrypts_user_id, encrypts_company_name, encrypts_user_name, operation_id, application_control_id, regist_date, update_date, os_user, os_display_user, host_name, mac_addr, os_version, serial_no, location, client_ip_local) VALUES ('0000000054', '0000000004', 'Sample-PPT.pptx', 'Microsoft PowerPoint', 'プロット', '000002', '熊野 幸也', 'y-kumano@test-plott.co.jp', '192.168.12.111', '000005', 'プロット', '鶴岡 和恵', 2, NULL, '2018-10-17 15:40:11', NULL, 'y-kumano', '熊野 幸也', 'PP008', '75:cc:70:d0:84:b2', 'Windows 10', 'OLC39iP9', NULL, '192.168.12.111');
INSERT INTO log_rec (log_id, file_id, file_name, application_name, company_name, user_id, user_name, mail, client_ip_global, encrypts_user_id, encrypts_company_name, encrypts_user_name, operation_id, application_control_id, regist_date, update_date, os_user, os_display_user, host_name, mac_addr, os_version, serial_no, location, client_ip_local) VALUES ('0000000045', '0000000004', 'Sample-PPT.pptx', 'Microsoft PowerPoint', 'プロット', '000004', '草間 弥生', 'y-kusama@test-plott.co.jp', '192.168.12.113', '000001', 'プロット', '熊野 幸也', 2, NULL, '2018-10-17 15:34:15', NULL, 'y-kusama', '草間 弥生', 'PP010', '5e:80:07:8e:cd:7a', 'Windows 10', 'IRsAIlU2', NULL, '192.168.12.113');
INSERT INTO log_rec (log_id, file_id, file_name, application_name, company_name, user_id, user_name, mail, client_ip_global, encrypts_user_id, encrypts_company_name, encrypts_user_name, operation_id, application_control_id, regist_date, update_date, os_user, os_display_user, host_name, mac_addr, os_version, serial_no, location, client_ip_local) VALUES ('0000000041', '0000000004', 'Sample-PPT.pptx', 'Microsoft PowerPoint', 'プロット', '000002', '熊野 幸也', 'y-kumano@test-plott.co.jp', '192.168.12.111', '000005', 'プロット', '鶴岡 和恵', 2, NULL, '2018-10-17 15:30:01', NULL, 'y-kumano', '熊野 幸也', 'PP008', '75:cc:70:d0:84:b2', 'Windows 10', 'OLC39iP9', NULL, '192.168.12.111');
INSERT INTO log_rec (log_id, file_id, file_name, application_name, company_name, user_id, user_name, mail, client_ip_global, encrypts_user_id, encrypts_company_name, encrypts_user_name, operation_id, application_control_id, regist_date, update_date, os_user, os_display_user, host_name, mac_addr, os_version, serial_no, location, client_ip_local) VALUES ('0000000056', '0000000004', 'Sample-PPT.pptx', 'Microsoft PowerPoint', 'プロット', '000004', '草間 弥生', 'y-kusama@test-plott.co.jp', '192.168.12.113', '000005', 'プロット', '鶴岡 和恵', 2, NULL, '2018-10-17 15:41:51', NULL, 'y-kusama', '草間 弥生', 'PP010', '5e:80:07:8e:cd:7a', 'Windows 10', 'IRsAIlU2', NULL, '192.168.12.113');
INSERT INTO log_rec (log_id, file_id, file_name, application_name, company_name, user_id, user_name, mail, client_ip_global, encrypts_user_id, encrypts_company_name, encrypts_user_name, operation_id, application_control_id, regist_date, update_date, os_user, os_display_user, host_name, mac_addr, os_version, serial_no, location, client_ip_local) VALUES ('0000000046', '0000000004', 'Sample-PPT.pptx', 'Microsoft PowerPoint', 'プロット', '000004', '草間 弥生', 'y-kusama@test-plott.co.jp', '192.168.12.113', '000001', 'プロット', '熊野 幸也', 3, NULL, '2018-10-17 15:34:35', NULL, 'y-kusama', '草間 弥生', 'PP010', '5e:80:07:8e:cd:7a', 'Windows 10', 'IRsAIlU2', NULL, '192.168.12.113');
INSERT INTO log_rec (log_id, file_id, file_name, application_name, company_name, user_id, user_name, mail, client_ip_global, encrypts_user_id, encrypts_company_name, encrypts_user_name, operation_id, application_control_id, regist_date, update_date, os_user, os_display_user, host_name, mac_addr, os_version, serial_no, location, client_ip_local) VALUES ('0000000058', '0000000006', 'Sample-image2.jpg', 'File Defender', 'プロット', '000006', '狩野 勇三', 'y-karino@test-plott.co.jp', '192.168.12.112', '000006', 'プロット', '狩野 勇三', 1, NULL, '2018-10-17 15:47:27', NULL, 'y-karino', '狩野 勇三', 'PP009', '82:62:17:52:10:c8', 'Windows 10', 'szYhFa4r', NULL, '192.168.12.112');
INSERT INTO log_rec (log_id, file_id, file_name, application_name, company_name, user_id, user_name, mail, client_ip_global, encrypts_user_id, encrypts_company_name, encrypts_user_name, operation_id, application_control_id, regist_date, update_date, os_user, os_display_user, host_name, mac_addr, os_version, serial_no, location, client_ip_local) VALUES ('0000000050', '0000000004', 'Sample-PPT.pptx', 'Microsoft PowerPoint', 'プロット', '000007', '山木 貞', 's-yamaki@test-plott.co.jp', '192.168.12.107', '000005', 'プロット', '鶴岡 和恵', 2, NULL, '2018-10-17 15:36:52', NULL, 's-yamaki', '山木 貞', 'PP004', '64:2d:47:4c:6d:92', 'Windows 10', 's4lembqt', NULL, '192.168.12.107');
INSERT INTO log_rec (log_id, file_id, file_name, application_name, company_name, user_id, user_name, mail, client_ip_global, encrypts_user_id, encrypts_company_name, encrypts_user_name, operation_id, application_control_id, regist_date, update_date, os_user, os_display_user, host_name, mac_addr, os_version, serial_no, location, client_ip_local) VALUES ('0000000057', '0000000005', 'Sample-image.jpg', 'File Defender', 'プロット', '000006', '狩野 勇三', 'y-karino@test-plott.co.jp', '192.168.12.112', '000006', 'プロット', '狩野 勇三', 1, NULL, '2018-10-17 15:47:11', NULL, 'y-karino', '狩野 勇三', 'PP009', '82:62:17:52:10:c8', 'Windows 10', 'szYhFa4r', NULL, '192.168.12.112');
INSERT INTO log_rec (log_id, file_id, file_name, application_name, company_name, user_id, user_name, mail, client_ip_global, encrypts_user_id, encrypts_company_name, encrypts_user_name, operation_id, application_control_id, regist_date, update_date, os_user, os_display_user, host_name, mac_addr, os_version, serial_no, location, client_ip_local) VALUES ('0000000043', '0000000004', 'Sample-PPT.pptx', 'Microsoft PowerPoint', 'プロット', '000002', '熊野 幸也', 'y-kumano@test-plott.co.jp', '192.168.12.111', '000005', 'プロット', '鶴岡 和恵', 3, NULL, '2018-10-17 15:32:03', NULL, 'y-kumano', '熊野 幸也', 'PP008', '75:cc:70:d0:84:b2', 'Windows 10', 'OLC39iP9', NULL, '192.168.12.111');
INSERT INTO log_rec (log_id, file_id, file_name, application_name, company_name, user_id, user_name, mail, client_ip_global, encrypts_user_id, encrypts_company_name, encrypts_user_name, operation_id, application_control_id, regist_date, update_date, os_user, os_display_user, host_name, mac_addr, os_version, serial_no, location, client_ip_local) VALUES ('0000000042', '0000000004', 'Sample-PPT.pptx', 'Microsoft PowerPoint', 'プロット', '000002', '熊野 幸也', 'y-kumano@test-plott.co.jp', '192.168.12.111', '000005', 'プロット', '鶴岡 和恵', 3, NULL, '2018-10-17 15:31:30', NULL, 'y-kumano', '熊野 幸也', 'PP008', '75:cc:70:d0:84:b2', 'Windows 10', 'OLC39iP9', NULL, '192.168.12.111');
INSERT INTO log_rec (log_id, file_id, file_name, application_name, company_name, user_id, user_name, mail, client_ip_global, encrypts_user_id, encrypts_company_name, encrypts_user_name, operation_id, application_control_id, regist_date, update_date, os_user, os_display_user, host_name, mac_addr, os_version, serial_no, location, client_ip_local) VALUES ('0000000062', '0000000001', 'Sample-Word.docx', 'Microsoft Word', 'システム管理企業', '000001', 'システム管理者', 'plott_dummy@example.com', '192.168.12.88', '000002', 'プロット', '熊野 幸也', 2, NULL, '2018-10-18 16:28:07', NULL, 'MSDN', NULL, 'MSDN-PC', '00:0C:29:96:A3:BC', 'Windows 7 SP1', 'VMware-56 4d 95 64 36 50 90 57-39 3b 26 23 39 96 a3 bc', NULL, '192.168.12.88');
INSERT INTO log_rec (log_id, file_id, file_name, application_name, company_name, user_id, user_name, mail, client_ip_global, encrypts_user_id, encrypts_company_name, encrypts_user_name, operation_id, application_control_id, regist_date, update_date, os_user, os_display_user, host_name, mac_addr, os_version, serial_no, location, client_ip_local) VALUES ('0000000022', '0000000002', 'Sample-Excel.xlsx', 'Microsoft Excel', 'プロット', '000010', '曽我 春美', 'h-soga@test-plott.co.jp', '192.168.12.108', '000011', 'プロット', '河村 絵里', 2, NULL, '2018-10-17 14:38:24', NULL, 'h-soga', '曽我 春美', 'PP005', '91:55:5a:d9:ac:3e', 'Windows 10', 'EJlgLqLD', NULL, '192.168.12.108');
INSERT INTO log_rec (log_id, file_id, file_name, application_name, company_name, user_id, user_name, mail, client_ip_global, encrypts_user_id, encrypts_company_name, encrypts_user_name, operation_id, application_control_id, regist_date, update_date, os_user, os_display_user, host_name, mac_addr, os_version, serial_no, location, client_ip_local) VALUES ('0000000018', '0000000002', 'Sample-Excel.xlsx', 'Microsoft Excel', 'コンサルティンググループエフシーカーボン', '000018', '児玉 照雄', 't-kodama@fcobon.co.jp', '217.120.113.244', '000020', '薬品オリエンタルユー', '人見 敏仁', 2, NULL, '2018-10-17 14:36:34', NULL, 't-kodama', '児玉 照雄', 'CON-H001', '95:52:5c:1e:a6:c5', 'Windows 7 SP1', 'D9Nc2HFD', NULL, '192.168.1.9');
INSERT INTO log_rec (log_id, file_id, file_name, application_name, company_name, user_id, user_name, mail, client_ip_global, encrypts_user_id, encrypts_company_name, encrypts_user_name, operation_id, application_control_id, regist_date, update_date, os_user, os_display_user, host_name, mac_addr, os_version, serial_no, location, client_ip_local) VALUES ('0000000013', '0000000002', 'Sample-Excel.xlsx', 'Microsoft Excel', '薬品オリエンタルユー', '000020', '人見 敏仁', 't-hitomi@oriental-yu.co.jp', '197.96.12.166', '000011', 'プロット', '河村 絵里', 2, NULL, '2018-10-17 14:33:24', NULL, 't-hitomi', '人見 敏仁', 'OA-1', 'a2:8d:90:81:19:cd', 'Windows 8.1', 'xn1nZQZF', NULL, '192.168.2.46');
INSERT INTO log_rec (log_id, file_id, file_name, application_name, company_name, user_id, user_name, mail, client_ip_global, encrypts_user_id, encrypts_company_name, encrypts_user_name, operation_id, application_control_id, regist_date, update_date, os_user, os_display_user, host_name, mac_addr, os_version, serial_no, location, client_ip_local) VALUES ('0000000017', '0000000002', 'Sample-Excel.xlsx', 'Microsoft Excel', '薬品オリエンタルユー', '000020', '人見 敏仁', 't-hitomi@oriental-yu.co.jp', '197.96.12.166', '000020', '薬品オリエンタルユー', '人見 敏仁', 3, NULL, '2018-10-17 14:35:45', NULL, 't-hitomi', '人見 敏仁', 'OA-1', 'a2:8d:90:81:19:cd', 'Windows 8.1', 'xn1nZQZF', NULL, '192.168.2.46');
INSERT INTO log_rec (log_id, file_id, file_name, application_name, company_name, user_id, user_name, mail, client_ip_global, encrypts_user_id, encrypts_company_name, encrypts_user_name, operation_id, application_control_id, regist_date, update_date, os_user, os_display_user, host_name, mac_addr, os_version, serial_no, location, client_ip_local) VALUES ('0000000063', '0000000001', 'Sample-Word.docx', 'Microsoft Word', 'システム管理企業', '000001', 'システム管理者', 'plott_dummy@example.com', '192.168.12.88', '000002', 'プロット', '熊野 幸也', 2, NULL, '2018-10-18 16:30:50', NULL, 'MSDN', NULL, 'MSDN-PC', '00:0C:29:96:A3:BC', 'Windows 7 SP1', 'VMware-56 4d 95 64 36 50 90 57-39 3b 26 23 39 96 a3 bc', NULL, '192.168.12.88');


COMMIT ;