-- システム設定用テストSQL
begin ;

-- Data Reset
TRUNCATE user_mst CASCADE ;
TRUNCATE application_control_mst CASCADE ;
TRUNCATE white_list CASCADE ;

-- user_mst
COPY public.user_mst (user_id, login_code, password, user_name, user_kana, mail, ldap_id, last_login_date, password_change_date, can_encrypt, is_administrator, can_create_user, is_locked, onetime_password_url, onetime_password_time, is_host_company, company_name, send_inviting_mail, regist_user_id, update_user_id, regist_date, update_date) FROM stdin;
000002	sampleuser01	b1d51bad3c06219936a4d5284209ba55b2b3ca22e7ed070fb13cdf8a0229c964	sampleuser01	サンプルユーザーイチ	t-kobayashi@plott.jp	\N	\N	2017-11-09 14:44:17.900361	1	0	0	0	\N	\N	1	サンプル企業	1	000001	000001	2017-11-09 14:44:18	\N
000001	admin	8d9548f95b0a4e77a1bb8cb047da8045c76a75047613edf48f52487d08ade5eb	システム管理者	システムカンリシャ	t-kimura@plott.jp	\N	2017-11-09 11:19:10.902871	2017-10-31 13:59:02.269221	1	1	1	1	\N	\N	1	システム管理企業	1	000001	000001	2017-10-31 13:59:02	2017-11-09 11:19:10
\.

-- application_control_mst
INSERT INTO application_control_mst VALUES ('00001', 'dllhost.exe', 'dllhost.exe', 'Windows フォトビューアー', 'COM Surrogate', 'Microsoft® Windows® Operating System', 1, 1, '', '2018-08-07 11:55:27', '2018-08-07 11:55:27');
INSERT INTO application_control_mst VALUES ('00002', 'WINWORD.EXE', 'WinWord.exe', 'マイクロソフト ワード', 'Microsoft Word', NULL, 1, 1, '', '2018-08-07 11:55:27', '2018-08-07 11:55:27');
INSERT INTO application_control_mst VALUES ('00003', 'POWERPNT.EXE', 'POWERPNT.exe', 'マイクロソフト パワーポイント', 'Microsoft PowerPoint', NULL, 1, 1, '', '2018-08-07 11:55:27', '2018-08-07 11:55:27');
INSERT INTO application_control_mst VALUES ('00004', 'EXCEL.EXE', 'Excel.exe', 'マイクロソフト エクセル', 'Microsoft Excel', NULL, 1, 1, '', '2018-08-07 11:55:27', '2018-08-07 11:55:27');
INSERT INTO application_control_mst VALUES ('00005', 'mspaint.exe', 'MSPAINT.exe', 'マイクロソフト ペイント', 'ペイント', 'Microsoft® Windows® Operating System', 1, 1, NULL, '2018-08-07 11:55:27', '2018-08-07 11:55:27');
INSERT INTO application_control_mst VALUES ('00006', 'notepad.exe', 'Notepad.exe', 'メモ帳', 'メモ帳', 'Microsoft® Windows® Operating System', 1, 1, NULL, '2018-08-07 11:55:27', '2018-08-07 11:55:27');
INSERT INTO application_control_mst VALUES ('00007', 'wordpad.exe', 'wordpad.exe', 'ワードパッド', 'Windows ワードパッド アプリケーション', 'Microsoft® Windows® Operating System', 1, 1, NULL, '2018-08-07 11:55:27', '2018-08-07 11:55:27');
INSERT INTO application_control_mst VALUES ('00008', 'PhotoViewer.dll', 'PhotoViewer.dll', 'Windows フォト ビューアー', 'Windows フォトビューアー', 'Microsoft® Windows® Operating System', 1, 1, NULL, '2018-08-07 11:55:27', '2018-08-07 11:55:27');
INSERT INTO application_control_mst VALUES ('00009', 'acad.exe', 'AutoCAD.exe', 'AutoCAD', 'AutoCAD Application', 'AutoCAD', 1, 1, '', '2018-08-07 11:55:27', '2018-08-07 11:55:27');
INSERT INTO application_control_mst VALUES ('00010', 'Jw_win.exe', 'Jw_win.exe', 'Jw_cad', 'JW_WIN MFC ｱﾌﾟﾘｹｰｼｮﾝ', 'Jw_cad', 1, 1, '', '2018-08-07 11:55:27', '2018-08-07 11:55:27');
INSERT INTO application_control_mst VALUES ('00011', 'sample.exe', NULL, 'テスト用データ', NULL, NULL, 0, 0, NULL, '2018-08-07 11:56:30', NULL);


-- white_list
INSERT INTO white_list VALUES ('00001', '0001', NULL, '.ttc', NULL, 0, '000001', '000001', '2018-08-07 11:55:27.124963', '2018-08-07 11:55:27.124963');
INSERT INTO white_list VALUES ('00001', '0002', NULL, '.camp', NULL, 0, '000001', '000001', '2018-08-07 11:55:27.124963', '2018-08-07 11:55:27.124963');
INSERT INTO white_list VALUES ('00001', '0003', NULL, '.gmmp', NULL, 0, '000001', '000001', '2018-08-07 11:55:27.124963', '2018-08-07 11:55:27.124963');
INSERT INTO white_list VALUES ('00001', '0004', NULL, '.icm', NULL, 0, '000001', '000001', '2018-08-07 11:55:27.124963', '2018-08-07 11:55:27.124963');
INSERT INTO white_list VALUES ('00001', '0005', NULL, '.mui', NULL, 0, '000001', '000001', '2018-08-07 11:55:27.124963', '2018-08-07 11:55:27.124963');
INSERT INTO white_list VALUES ('00001', '0006', NULL, '.dll', NULL, 0, '000001', '000001', '2018-08-07 11:55:27.124963', '2018-08-07 11:55:27.124963');
INSERT INTO white_list VALUES ('00001', '0007', NULL, '.db', NULL, 0, '000001', '000001', '2018-08-07 11:55:27.124963', '2018-08-07 11:55:27.124963');
INSERT INTO white_list VALUES ('00001', '0008', NULL, '.sys', NULL, 0, '000001', '000001', '2018-08-07 11:55:27.124963', '2018-08-07 11:55:27.124963');
INSERT INTO white_list VALUES ('00001', '0009', NULL, '.dic', NULL, 0, '000001', '000001', '2018-08-07 11:55:27.124963', '2018-08-07 11:55:27.124963');
INSERT INTO white_list VALUES ('00001', '0010', NULL, '.grm', NULL, 0, '000001', '000001', '2018-08-07 11:55:27.124963', '2018-08-07 11:55:27.124963');
INSERT INTO white_list VALUES ('00001', '0011', NULL, '.nls', NULL, 0, '000001', '000001', '2018-08-07 11:55:27.124963', '2018-08-07 11:55:27.124963');
INSERT INTO white_list VALUES ('00001', '0012', NULL, '.manifest', NULL, 0, '000001', '000001', '2018-08-07 11:55:27.124963', '2018-08-07 11:55:27.124963');
INSERT INTO white_list VALUES ('00001', '0013', NULL, '.dat', NULL, 0, '000001', '000001', '2018-08-07 11:55:27.124963', '2018-08-07 11:55:27.124963');
INSERT INTO white_list VALUES ('00001', '0014', NULL, '.ini', NULL, 0, '000001', '000001', '2018-08-07 11:55:27.124963', '2018-08-07 11:55:27.124963');
INSERT INTO white_list VALUES ('00001', '0015', 'ATOK26W.IME', NULL, '\Program Files*\Microsoft Office\root\Office16', 0, '000001', '000001', '2018-08-07 11:55:27.124963', '2018-08-07 11:55:27.124963');
INSERT INTO white_list VALUES ('00001', '0016', 'ATOK26W.IME', NULL, '\Program Files*\Microsoft Office\root\vfs\SystemX86', 0, '000001', '000001', '2018-08-07 11:55:27.124963', '2018-08-07 11:55:27.124963');
INSERT INTO white_list VALUES ('00002', '0001', NULL, '.TTC', NULL, 0, '000001', '000001', '2018-08-07 11:55:27.124963', '2018-08-07 11:55:27.124963');
INSERT INTO white_list VALUES ('00002', '0002', NULL, '.dctr', NULL, 0, '000001', '000001', '2018-08-07 11:55:27.124963', '2018-08-07 11:55:27.124963');
INSERT INTO white_list VALUES ('00002', '0003', NULL, '.tlb', NULL, 0, '000001', '000001', '2018-08-07 11:55:27.124963', '2018-08-07 11:55:27.124963');
INSERT INTO white_list VALUES ('00002', '0004', NULL, '.officeUI', '\Users\*\AppData\Local\Microsoft\Office', 0, '000001', '000001', '2018-08-07 11:55:27.124963', '2018-08-07 11:55:27.124963');
INSERT INTO white_list VALUES ('00002', '0005', NULL, '.Json', NULL, 0, '000001', '000001', '2018-08-07 11:55:27.124963', '2018-08-07 11:55:27.124963');
INSERT INTO white_list VALUES ('00002', '0006', NULL, '.LEX', NULL, 0, '000001', '000001', '2018-08-07 11:55:27.124963', '2018-08-07 11:55:27.124963');
INSERT INTO white_list VALUES ('00002', '0007', NULL, '.OLB', NULL, 0, '000001', '000001', '2018-08-07 11:55:27.124963', '2018-08-07 11:55:27.124963');
INSERT INTO white_list VALUES ('00002', '0008', 'HeartbeatCache.xml', NULL, NULL, 0, '000001', '000001', '2018-08-07 11:55:27.124963', '2018-08-07 11:55:27.124963');
INSERT INTO white_list VALUES ('00002', '0009', NULL, '.nls', NULL, 0, '000001', '000001', '2018-08-07 11:55:27.124963', '2018-08-07 11:55:27.124963');
INSERT INTO white_list VALUES ('00002', '0010', NULL, '.DIC', NULL, 0, '000001', '000001', '2018-08-07 11:55:27.124963', '2018-08-07 11:55:27.124963');
INSERT INTO white_list VALUES ('00002', '0011', NULL, '.udr', NULL, 0, '000001', '000001', '2018-08-07 11:55:27.124963', '2018-08-07 11:55:27.124963');
INSERT INTO white_list VALUES ('00002', '0012', NULL, '.dub', NULL, 0, '000001', '000001', '2018-08-07 11:55:27.124963', '2018-08-07 11:55:27.124963');
INSERT INTO white_list VALUES ('00002', '0013', NULL, '.CNV', NULL, 0, '000001', '000001', '2018-08-07 11:55:27.124963', '2018-08-07 11:55:27.124963');
INSERT INTO white_list VALUES ('00002', '0014', NULL, '.tbres', '\Users\*\AppData\Local\Microsoft\Office\OTele', 0, '000001', '000001', '2018-08-07 11:55:27.124963', '2018-08-07 11:55:27.124963');
INSERT INTO white_list VALUES ('00002', '0015', NULL, '.log', NULL, 0, '000001', '000001', '2018-08-07 11:55:27.124963', '2018-08-07 11:55:27.124963');
INSERT INTO white_list VALUES ('00002', '0016', NULL, '.dat', '\Users\*\AppData\Local\Temp', 0, '000001', '000001', '2018-08-07 11:55:27.124963', '2018-08-07 11:55:27.124963');
INSERT INTO white_list VALUES ('00002', '0017', NULL, NULL, '\Users\*\AppData\Local\Microsoft\TokenBroker\Cache', 0, '000001', '000001', '2018-08-07 11:55:27.124963', '2018-08-07 11:55:27.124963');
INSERT INTO white_list VALUES ('00002', '0018', NULL, NULL, '\Users\*\AppData\Roaming\Microsoft\IME\15.0\IMEJP\UserDict', 0, '000001', '000001', '2018-08-07 11:55:27.124963', '2018-08-07 11:55:27.124963');
INSERT INTO white_list VALUES ('00002', '0019', NULL, '.bin', NULL, 0, '000001', '000001', '2018-08-07 11:55:27.124963', '2018-08-07 11:55:27.124963');
INSERT INTO white_list VALUES ('00002', '0020', 'winword.exe_Rules.xml', NULL, NULL, 0, '000001', '000001', '2018-08-07 11:55:27.124963', '2018-08-07 11:55:27.124963');
INSERT INTO white_list VALUES ('00002', '0021', NULL, NULL, '\Program Files\Microsoft Office\Root\Office16\1041', 0, '000001', '000001', '2018-08-07 11:55:27.124963', '2018-08-07 11:55:27.124963');
INSERT INTO white_list VALUES ('00002', '0022', NULL, NULL, '\Program Files\Microsoft Office\root\vfs\ProgramFilesCommonX86\Microsoft Shared\Office16\1041', 0, '000001', '000001', '2018-08-07 11:55:27.124963', '2018-08-07 11:55:27.124963');
INSERT INTO white_list VALUES ('00002', '0023', NULL, NULL, '\Program Files\Microsoft Office\Root\Office16\1041\QuickStyles', 0, '000001', '000001', '2018-08-07 11:55:27.124963', '2018-08-07 11:55:27.124963');
INSERT INTO white_list VALUES ('00002', '0024', NULL, '.XSL', NULL, 0, '000001', '000001', '2018-08-07 11:55:27.124963', '2018-08-07 11:55:27.124963');
INSERT INTO white_list VALUES ('00002', '0025', NULL, '.txt', '\Users\*\AppData\Local\Microsoft\Office\16.0\BackstageInAppNavCache\MyComputer', 0, '000001', '000001', '2018-08-07 11:55:27.124963', '2018-08-07 11:55:27.124963');
INSERT INTO white_list VALUES ('00002', '0026', 'resources.pri', NULL, '\WINDOWS\SystemApps\Microsoft.MicrosoftEdge_*', 0, '000001', '000001', '2018-08-07 11:55:27.124963', '2018-08-07 11:55:27.124963');
INSERT INTO white_list VALUES ('00002', '0027', NULL, '.tmp', '\Users\*\AppData\Local\Microsoft\Windows\Explorer\IconCacheToDelete', 0, '000001', '000001', '2018-08-07 11:55:27.124963', '2018-08-07 11:55:27.124963');
INSERT INTO white_list VALUES ('00002', '0028', NULL, NULL, '\WINDOWS\SystemApps\Microsoft.MicrosoftEdge_*\pris', 0, '000001', '000001', '2018-08-07 11:55:27.124963', '2018-08-07 11:55:27.124963');
INSERT INTO white_list VALUES ('00002', '0029', NULL, NULL, '\WINDOWS\SystemApps\Microsoft.MicrosoftEdge_*\Assets', 0, '000001', '000001', '2018-08-07 11:55:27.124963', '2018-08-07 11:55:27.124963');
INSERT INTO white_list VALUES ('00002', '0030', 'WINSPOOL.DRV', NULL, NULL, 0, '000001', '000001', '2018-08-07 11:55:27.124963', '2018-08-07 11:55:27.124963');
INSERT INTO white_list VALUES ('00002', '0031', NULL, '.sdb', NULL, 0, '000001', '000001', '2018-08-07 11:55:27.124963', '2018-08-07 11:55:27.124963');
INSERT INTO white_list VALUES ('00002', '0032', NULL, '.acl', NULL, 0, '000001', '000001', '2018-08-07 11:55:27.124963', '2018-08-07 11:55:27.124963');
INSERT INTO white_list VALUES ('00002', '0033', NULL, '.LNK', NULL, 0, '000001', '000001', '2018-08-07 11:55:27.124963', '2018-08-07 11:55:27.124963');
INSERT INTO white_list VALUES ('00002', '0034', NULL, '.dat', NULL, 0, '000001', '000001', '2018-08-07 11:55:27.124963', '2018-08-07 11:55:27.124963');
INSERT INTO white_list VALUES ('00002', '0035', NULL, '.dic_bak', NULL, 0, '000001', '000001', '2018-08-07 11:55:27.124963', '2018-08-07 11:55:27.124963');
INSERT INTO white_list VALUES ('00002', '0036', NULL, NULL, '\Users\*\AppData\Roaming\Microsoft\IME\15.0\IMEJP\UserDict', 0, '000001', '000001', '2018-08-07 11:55:27.124963', '2018-08-07 11:55:27.124963');
INSERT INTO white_list VALUES ('00002', '0037', NULL, '.exe', NULL, 0, '000001', '000001', '2018-08-07 11:55:27.124963', '2018-08-07 11:55:27.124963');
INSERT INTO white_list VALUES ('00002', '0038', NULL, '.TTF', NULL, 0, '000001', '000001', '2018-08-07 11:55:27.124963', '2018-08-07 11:55:27.124963');
INSERT INTO white_list VALUES ('00002', '0039', 'desktop.ini', NULL, NULL, 0, '000001', '000001', '2018-08-07 11:55:27.124963', '2018-08-07 11:55:27.124963');
INSERT INTO white_list VALUES ('00002', '0040', NULL, '.mui', NULL, 0, '000001', '000001', '2018-08-07 11:55:27.124963', '2018-08-07 11:55:27.124963');
INSERT INTO white_list VALUES ('00002', '0041', NULL, '.Config', NULL, 0, '000001', '000001', '2018-08-07 11:55:27.124963', '2018-08-07 11:55:27.124963');
INSERT INTO white_list VALUES ('00002', '0042', NULL, '.db', NULL, 0, '000001', '000001', '2018-08-07 11:55:27.124963', '2018-08-07 11:55:27.124963');
INSERT INTO white_list VALUES ('00002', '0043', NULL, '.DLL', NULL, 0, '000001', '000001', '2018-08-07 11:55:27.124963', '2018-08-07 11:55:27.124963');
INSERT INTO white_list VALUES ('00002', '0044', NULL, '.tmp', '\Users\*\AppData\Local\Microsoft\Windows\INetCache\Content.Word', 0, '000001', '000001', '2018-08-07 11:55:27.124963', '2018-08-07 11:55:27.124963');
INSERT INTO white_list VALUES ('00002', '0045', NULL, '.dotm', '\Users\*\AppData\Roaming\Microsoft\Templates', 0, '000001', '000001', '2018-08-07 11:55:27.124963', '2018-08-07 11:55:27.124963');
INSERT INTO white_list VALUES ('00002', '0046', NULL, '.rcd', '\Users\*\AppData\Roaming\Microsoft\Office', 0, '000001', '000001', '2018-08-07 11:55:27.124963', '2018-08-07 11:55:27.124963');
INSERT INTO white_list VALUES ('00002', '0047', 'ATOK26W.IME', NULL, '\Program Files*\Microsoft Office\root\Office16', 0, '000001', '000001', '2018-08-07 11:55:27.124963', '2018-08-07 11:55:27.124963');
INSERT INTO white_list VALUES ('00002', '0048', 'ATOK26W.IME', NULL, '\Program Files*\Microsoft Office\root\vfs\SystemX86', 0, '000001', '000001', '2018-08-07 11:55:27.124963', '2018-08-07 11:55:27.124963');
INSERT INTO white_list VALUES ('00002', '0049', NULL, NULL, '\Users\*\AppData\Local\Microsoft\Office\OTele', 0, '000001', '000001', '2018-08-07 11:55:27.124963', '2018-08-07 11:55:27.124963');
INSERT INTO white_list VALUES ('00002', '0050', '~$${ORIGINAL_FILE_NAME}', NULL, '${ORIGINAL_DIR}', 0, '000001', '000001', '2018-08-07 11:55:27.124963', '2018-08-07 11:55:27.124963');
INSERT INTO white_list VALUES ('00002', '0051', NULL, '.tmp', '${ORIGINAL_DIR}', 0, '000001', '000001', '2018-08-07 11:55:27.124963', '2018-08-07 11:55:27.124963');
INSERT INTO white_list VALUES ('00002', '0052', NULL, '.tmp', '\Users\*\AppData\Local\Microsoft\Windows\Temporary Internet Files\Content.Word', 0, '000001', '000001', '2018-08-07 11:55:27.124963', '2018-08-07 11:55:27.124963');
INSERT INTO white_list VALUES ('00002', '0053', NULL, '.pld', NULL, 0, '000001', '000001', '2018-08-07 11:55:27.124963', '2018-08-07 11:55:27.124963');
INSERT INTO white_list VALUES ('00002', '0054', 'Report.wer', NULL, NULL, 0, '000001', '000001', '2018-08-07 11:55:27.124963', '2018-08-07 11:55:27.124963');
INSERT INTO white_list VALUES ('00002', '0055', NULL, '.thmx', NULL, 0, '000001', '000001', '2018-08-07 11:55:27.124963', '2018-08-07 11:55:27.124963');
INSERT INTO white_list VALUES ('00002', '0056', NULL, '.xml', '\Program Files*\Microsoft Office\Root\Document Themes 16\Theme Colors', 0, '000001', '000001', '2018-08-07 11:55:27.124963', '2018-08-07 11:55:27.124963');
INSERT INTO white_list VALUES ('00002', '0057', NULL, '.jpg', '\Users\*\AppData\Local\Microsoft\Windows\INetCache\Content.MSO', 0, '000001', '000001', '2018-08-07 11:55:27.124963', '2018-08-07 11:55:27.124963');
INSERT INTO white_list VALUES ('00002', '0058', NULL, '.jpeg', '\Users\*\AppData\Local\Microsoft\Windows\INetCache\Content.MSO', 0, '000001', '000001', '2018-08-07 11:55:27.124963', '2018-08-07 11:55:27.124963');
INSERT INTO white_list VALUES ('00002', '0059', NULL, '.xml', '\Program Files*\Microsoft Office\Root\Document Themes 16\Theme Fonts', 0, '000001', '000001', '2018-08-07 11:55:27.124963', '2018-08-07 11:55:27.124963');
INSERT INTO white_list VALUES ('00002', '0060', NULL, NULL, '\Program*Data\Microsoft\FCI\Modules', 0, '000001', '000001', '2018-08-07 11:55:27.124963', '2018-08-07 11:55:27.124963');
INSERT INTO white_list VALUES ('00002', '0061', NULL, '.cvr', '\Users\*\AppData\Local\Temp', 0, '000001', '000001', '2018-08-07 11:55:27.124963', '2018-08-07 11:55:27.124963');
INSERT INTO white_list VALUES ('00002', '0062', NULL, '.pri', '\Users\*\AppData\Local\Microsoft\Windows\PRICache\*', 0, '000001', '000001', '2018-08-07 11:55:27.124963', '2018-08-07 11:55:27.124963');
INSERT INTO white_list VALUES ('00002', '0063', NULL, '.wbk', NULL, 0, '000001', '000001', '2018-08-07 11:55:27.124963', '2018-08-07 11:55:27.124963');
INSERT INTO white_list VALUES ('00002', '0064', NULL, '.pbk', NULL, 0, '000001', '000001', '2018-08-07 11:55:27.124963', '2018-08-07 11:55:27.124963');
INSERT INTO white_list VALUES ('00002', '0065', NULL, '.wmf', '\Users\*\AppData\Local\Microsoft\Windows\Temporary Internet Files\Content.MSO', 0, '000001', '000001', '2018-08-07 11:55:27.124963', '2018-08-07 11:55:27.124963');
INSERT INTO white_list VALUES ('00002', '0066', NULL, '.fil', NULL, 0, '000001', '000001', '2018-08-07 11:55:27.124963', '2018-08-07 11:55:27.124963');
INSERT INTO white_list VALUES ('00002', '0067', NULL, '.back', NULL, 0, '000001', '000001', '2018-08-07 11:55:27.124963', '2018-08-07 11:55:27.124963');
INSERT INTO white_list VALUES ('00002', '0068', NULL, '.wmf', '\Users\*\AppData\Local\Microsoft\Windows\INetCache\Content.MSO', 0, '000001', '000001', '2018-08-07 11:55:27.124963', '2018-08-07 11:55:27.124963');
INSERT INTO white_list VALUES ('00002', '0069', NULL, '.etl', '\Users\*\AppData\Local\microsoft\office', 0, '000001', '000001', '2018-08-07 11:55:27.124963', '2018-08-07 11:55:27.124963');
INSERT INTO white_list VALUES ('00003', '0001', NULL, '.nls', NULL, 0, '000001', '000001', '2018-08-07 11:55:27.124963', '2018-08-07 11:55:27.124963');
INSERT INTO white_list VALUES ('00003', '0002', NULL, '.DIC', NULL, 0, '000001', '000001', '2018-08-07 11:55:27.124963', '2018-08-07 11:55:27.124963');
INSERT INTO white_list VALUES ('00003', '0003', NULL, '.DUB', NULL, 0, '000001', '000001', '2018-08-07 11:55:27.124963', '2018-08-07 11:55:27.124963');
INSERT INTO white_list VALUES ('00003', '0004', NULL, '.drv', NULL, 0, '000001', '000001', '2018-08-07 11:55:27.124963', '2018-08-07 11:55:27.124963');
INSERT INTO white_list VALUES ('00003', '0005', NULL, '.grm', NULL, 0, '000001', '000001', '2018-08-07 11:55:27.124963', '2018-08-07 11:55:27.124963');
INSERT INTO white_list VALUES ('00003', '0006', NULL, '.pri', NULL, 0, '000001', '000001', '2018-08-07 11:55:27.124963', '2018-08-07 11:55:27.124963');
INSERT INTO white_list VALUES ('00003', '0007', NULL, '.udr', NULL, 0, '000001', '000001', '2018-08-07 11:55:27.124963', '2018-08-07 11:55:27.124963');
INSERT INTO white_list VALUES ('00003', '0008', 'uxtheme.dll.Config', NULL, NULL, 0, '000001', '000001', '2018-08-07 11:55:27.124963', '2018-08-07 11:55:27.124963');
INSERT INTO white_list VALUES ('00003', '0009', NULL, '.log', NULL, 0, '000001', '000001', '2018-08-07 11:55:27.124963', '2018-08-07 11:55:27.124963');
INSERT INTO white_list VALUES ('00003', '0010', NULL, '.dctr', NULL, 0, '000001', '000001', '2018-08-07 11:55:27.124963', '2018-08-07 11:55:27.124963');
INSERT INTO white_list VALUES ('00003', '0011', NULL, '.Json', NULL, 0, '000001', '000001', '2018-08-07 11:55:27.124963', '2018-08-07 11:55:27.124963');
INSERT INTO white_list VALUES ('00003', '0012', NULL, NULL, '\Users\*\AppData\Local\Microsoft\TokenBroker\Cache', 0, '000001', '000001', '2018-08-07 11:55:27.124963', '2018-08-07 11:55:27.124963');
INSERT INTO white_list VALUES ('00003', '0013', NULL, NULL, '\Users\*\AppData\Roaming\Microsoft\IME\*\IMEJP\UserDict', 0, '000001', '000001', '2018-08-07 11:55:27.124963', '2018-08-07 11:55:27.124963');
INSERT INTO white_list VALUES ('00003', '0014', NULL, NULL, '\Users\*\AppData\Local\Microsoft\Office\*\', 0, '000001', '000001', '2018-08-07 11:55:27.124963', '2018-08-07 11:55:27.124963');
INSERT INTO white_list VALUES ('00003', '0015', NULL, NULL, '\Users\*\AppData\Roaming\Microsoft\IME\*\IMEJP\UserDict', 0, '000001', '000001', '2018-08-07 11:55:27.124963', '2018-08-07 11:55:27.124963');
INSERT INTO white_list VALUES ('00003', '0016', NULL, NULL, '\Users\*\AppData\Local\Microsoft\Office\16.0', 0, '000001', '000001', '2018-08-07 11:55:27.124963', '2018-08-07 11:55:27.124963');
INSERT INTO white_list VALUES ('00003', '0017', NULL, NULL, '\Users\*\AppData\Local\Microsoft\Office\OTele', 0, '000001', '000001', '2018-08-07 11:55:27.124963', '2018-08-07 11:55:27.124963');
INSERT INTO white_list VALUES ('00003', '0018', NULL, '.dat', '\Users\*\AppData\Local\Temp', 0, '000001', '000001', '2018-08-07 11:55:27.124963', '2018-08-07 11:55:27.124963');
INSERT INTO white_list VALUES ('00003', '0019', NULL, NULL, '\Users\*\AppData\Local\Microsoft\Office\16.0\Floodgate', 0, '000001', '000001', '2018-08-07 11:55:27.124963', '2018-08-07 11:55:27.124963');
INSERT INTO white_list VALUES ('00003', '0020', NULL, NULL, '\Users\*\AppData\Local\Microsoft\Windows\Caches', 0, '000001', '000001', '2018-08-07 11:55:27.124963', '2018-08-07 11:55:27.124963');
INSERT INTO white_list VALUES ('00003', '0021', NULL, NULL, '\Users\*\AppData\Local\Microsoft\Office', 0, '000001', '000001', '2018-08-07 11:55:27.124963', '2018-08-07 11:55:27.124963');
INSERT INTO white_list VALUES ('00003', '0022', NULL, '.jpeg', '\Users\*\AppData\Local\Microsoft\Windows\INetCache\Content.MSO', 0, '000001', '000001', '2018-08-07 11:55:27.124963', '2018-08-07 11:55:27.124963');
INSERT INTO white_list VALUES ('00003', '0023', NULL, '.db', NULL, 0, '000001', '000001', '2018-08-07 11:55:27.124963', '2018-08-07 11:55:27.124963');
INSERT INTO white_list VALUES ('00003', '0024', NULL, '.tmp', NULL, 0, '000001', '000001', '2018-08-07 11:55:27.124963', '2018-08-07 11:55:27.124963');
INSERT INTO white_list VALUES ('00003', '0025', NULL, '.txt', NULL, 0, '000001', '000001', '2018-08-07 11:55:27.124963', '2018-08-07 11:55:27.124963');
INSERT INTO white_list VALUES ('00003', '0026', NULL, '.lnk', NULL, 0, '000001', '000001', '2018-08-07 11:55:27.124963', '2018-08-07 11:55:27.124963');
INSERT INTO white_list VALUES ('00003', '0027', NULL, '.search-ms', NULL, 0, '000001', '000001', '2018-08-07 11:55:27.124963', '2018-08-07 11:55:27.124963');
INSERT INTO white_list VALUES ('00003', '0028', NULL, '.BUD', NULL, 0, '000001', '000001', '2018-08-07 11:55:27.124963', '2018-08-07 11:55:27.124963');
INSERT INTO white_list VALUES ('00003', '0029', NULL, '.gpd', NULL, 0, '000001', '000001', '2018-08-07 11:55:27.124963', '2018-08-07 11:55:27.124963');
INSERT INTO white_list VALUES ('00003', '0030', NULL, '.fkeytmp', NULL, 0, '000001', '000001', '2018-08-07 11:55:27.124963', '2018-08-07 11:55:27.124963');
INSERT INTO white_list VALUES ('00003', '0031', NULL, '.Manifest', NULL, 0, '000001', '000001', '2018-08-07 11:55:27.124963', '2018-08-07 11:55:27.124963');
INSERT INTO white_list VALUES ('00003', '0032', NULL, '.thmx', NULL, 0, '000001', '000001', '2018-08-07 11:55:27.124963', '2018-08-07 11:55:27.124963');
INSERT INTO white_list VALUES ('00003', '0033', NULL, '.OLB', NULL, 0, '000001', '000001', '2018-08-07 11:55:27.124963', '2018-08-07 11:55:27.124963');
INSERT INTO white_list VALUES ('00003', '0034', NULL, '.TTF', NULL, 0, '000001', '000001', '2018-08-07 11:55:27.124963', '2018-08-07 11:55:27.124963');
INSERT INTO white_list VALUES ('00003', '0035', NULL, '.mui', NULL, 0, '000001', '000001', '2018-08-07 11:55:27.124963', '2018-08-07 11:55:27.124963');
INSERT INTO white_list VALUES ('00003', '0036', NULL, '.ini', NULL, 0, '000001', '000001', '2018-08-07 11:55:27.124963', '2018-08-07 11:55:27.124963');
INSERT INTO white_list VALUES ('00003', '0037', NULL, '.FON', NULL, 0, '000001', '000001', '2018-08-07 11:55:27.124963', '2018-08-07 11:55:27.124963');
INSERT INTO white_list VALUES ('00003', '0038', 'HeartbeatCache.xml', NULL, NULL, 0, '000001', '000001', '2018-08-07 11:55:27.124963', '2018-08-07 11:55:27.124963');
INSERT INTO white_list VALUES ('00003', '0039', NULL, '.TTC', NULL, 0, '000001', '000001', '2018-08-07 11:55:27.124963', '2018-08-07 11:55:27.124963');
INSERT INTO white_list VALUES ('00003', '0040', NULL, '.sdb', NULL, 0, '000001', '000001', '2018-08-07 11:55:27.124963', '2018-08-07 11:55:27.124963');
INSERT INTO white_list VALUES ('00003', '0041', NULL, '.pld', NULL, 0, '000001', '000001', '2018-08-07 11:55:27.124963', '2018-08-07 11:55:27.124963');
INSERT INTO white_list VALUES ('00003', '0042', NULL, '.tlb', NULL, 0, '000001', '000001', '2018-08-07 11:55:27.124963', '2018-08-07 11:55:27.124963');
INSERT INTO white_list VALUES ('00003', '0043', 'Desktop.lnk', NULL, NULL, 0, '000001', '000001', '2018-08-07 11:55:27.124963', '2018-08-07 11:55:27.124963');
INSERT INTO white_list VALUES ('00003', '0044', NULL, '.LEX', NULL, 0, '000001', '000001', '2018-08-07 11:55:27.124963', '2018-08-07 11:55:27.124963');
INSERT INTO white_list VALUES ('00003', '0045', 'ATOK26W.IME', NULL, '\Program Files*\Microsoft Office\root\Office16', 0, '000001', '000001', '2018-08-07 11:55:27.124963', '2018-08-07 11:55:27.124963');
INSERT INTO white_list VALUES ('00003', '0046', 'ATOK26W.IME', NULL, '\Program Files*\Microsoft Office\root\vfs\SystemX86', 0, '000001', '000001', '2018-08-07 11:55:27.124963', '2018-08-07 11:55:27.124963');
INSERT INTO white_list VALUES ('00003', '0047', NULL, '.Config', NULL, 0, '000001', '000001', '2018-08-07 11:55:27.124963', '2018-08-07 11:55:27.124963');
INSERT INTO white_list VALUES ('00003', '0048', NULL, '.library-ms', NULL, 0, '000001', '000001', '2018-08-07 11:55:27.124963', '2018-08-07 11:55:27.124963');
INSERT INTO white_list VALUES ('00003', '0049', NULL, '.jpg', '\Users\*\AppData\Local\Microsoft\Windows\Temporary Internet Files\Content.MSO', 0, '000001', '000001', '2018-08-07 11:55:27.124963', '2018-08-07 11:55:27.124963');
INSERT INTO white_list VALUES ('00003', '0050', NULL, '.jpeg', '\Users\*\AppData\Local\Microsoft\Windows\Temporary Internet Files\Content.MSO', 0, '000001', '000001', '2018-08-07 11:55:27.124963', '2018-08-07 11:55:27.124963');
INSERT INTO white_list VALUES ('00003', '0051', NULL, '.dat', '\Users\*\AppData\Local\Microsoft\Windows\Temporary Internet Files', 0, '000001', '000001', '2018-08-07 11:55:27.124963', '2018-08-07 11:55:27.124963');
INSERT INTO white_list VALUES ('00003', '0052', NULL, '.pbk', NULL, 0, '000001', '000001', '2018-08-07 11:55:27.124963', '2018-08-07 11:55:27.124963');
INSERT INTO white_list VALUES ('00003', '0053', NULL, '.dat', '\Users\*\AppData\Local\Microsoft\Office\14.0', 0, '000001', '000001', '2018-08-07 11:55:27.124963', '2018-08-07 11:55:27.124963');
INSERT INTO white_list VALUES ('00003', '0054', NULL, '.cvr', NULL, 0, '000001', '000001', '2018-08-07 11:55:27.124963', '2018-08-07 11:55:27.124963');
INSERT INTO white_list VALUES ('00004', '0001', NULL, '.dll', NULL, 0, '000001', '000001', '2018-08-07 11:55:27.124963', '2018-08-07 11:55:27.124963');
INSERT INTO white_list VALUES ('00004', '0002', NULL, '.sdb', NULL, 0, '000001', '000001', '2018-08-07 11:55:27.124963', '2018-08-07 11:55:27.124963');
INSERT INTO white_list VALUES ('00004', '0003', NULL, '.exe', NULL, 0, '000001', '000001', '2018-08-07 11:55:27.124963', '2018-08-07 11:55:27.124963');
INSERT INTO white_list VALUES ('00004', '0004', NULL, '.nls', NULL, 0, '000001', '000001', '2018-08-07 11:55:27.124963', '2018-08-07 11:55:27.124963');
INSERT INTO white_list VALUES ('00004', '0005', NULL, '.pld', NULL, 0, '000001', '000001', '2018-08-07 11:55:27.124963', '2018-08-07 11:55:27.124963');
INSERT INTO white_list VALUES ('00004', '0006', NULL, '.mui', NULL, 0, '000001', '000001', '2018-08-07 11:55:27.124963', '2018-08-07 11:55:27.124963');
INSERT INTO white_list VALUES ('00004', '0007', 'ClickToRunPackageLocker', NULL, NULL, 0, '000001', '000001', '2018-08-07 11:55:27.124963', '2018-08-07 11:55:27.124963');
INSERT INTO white_list VALUES ('00004', '0008', 'ProgramFilesX86', NULL, NULL, 0, '000001', '000001', '2018-08-07 11:55:27.124963', '2018-08-07 11:55:27.124963');
INSERT INTO white_list VALUES ('00004', '0009', 'EXCEL.EXE.Local', NULL, NULL, 0, '000001', '000001', '2018-08-07 11:55:27.124963', '2018-08-07 11:55:27.124963');
INSERT INTO white_list VALUES ('00004', '0010', NULL, '.manifest', NULL, 0, '000001', '000001', '2018-08-07 11:55:27.124963', '2018-08-07 11:55:27.124963');
INSERT INTO white_list VALUES ('00004', '0011', NULL, '.odf', NULL, 0, '000001', '000001', '2018-08-07 11:55:27.124963', '2018-08-07 11:55:27.124963');
INSERT INTO white_list VALUES ('00004', '0012', NULL, '.dat', NULL, 0, '000001', '000001', '2018-08-07 11:55:27.124963', '2018-08-07 11:55:27.124963');
INSERT INTO white_list VALUES ('00004', '0013', NULL, '.clb', NULL, 0, '000001', '000001', '2018-08-07 11:55:27.124963', '2018-08-07 11:55:27.124963');
INSERT INTO white_list VALUES ('00004', '0014', NULL, '.json', NULL, 0, '000001', '000001', '2018-08-07 11:55:27.124963', '2018-08-07 11:55:27.124963');
INSERT INTO white_list VALUES ('00004', '0015', NULL, '.ttf', NULL, 0, '000001', '000001', '2018-08-07 11:55:27.124963', '2018-08-07 11:55:27.124963');
INSERT INTO white_list VALUES ('00004', '0016', NULL, '.ttc', NULL, 0, '000001', '000001', '2018-08-07 11:55:27.124963', '2018-08-07 11:55:27.124963');
INSERT INTO white_list VALUES ('00004', '0017', NULL, '.fon', NULL, 0, '000001', '000001', '2018-08-07 11:55:27.124963', '2018-08-07 11:55:27.124963');
INSERT INTO white_list VALUES ('00004', '0018', NULL, '.dic', NULL, 0, '000001', '000001', '2018-08-07 11:55:27.124963', '2018-08-07 11:55:27.124963');
INSERT INTO white_list VALUES ('00004', '0019', 'desktop.ini', NULL, NULL, 0, '000001', '000001', '2018-08-07 11:55:27.124963', '2018-08-07 11:55:27.124963');
INSERT INTO white_list VALUES ('00004', '0020', 'WINSPOOL.DRV', NULL, NULL, 0, '000001', '000001', '2018-08-07 11:55:27.124963', '2018-08-07 11:55:27.124963');
INSERT INTO white_list VALUES ('00004', '0021', NULL, '.log', NULL, 0, '000001', '000001', '2018-08-07 11:55:27.124963', '2018-08-07 11:55:27.124963');
INSERT INTO white_list VALUES ('00004', '0022', NULL, '.tlb', NULL, 0, '000001', '000001', '2018-08-07 11:55:27.124963', '2018-08-07 11:55:27.124963');
INSERT INTO white_list VALUES ('00004', '0023', 'HeartbeatCache.xml', NULL, NULL, 0, '000001', '000001', '2018-08-07 11:55:27.124963', '2018-08-07 11:55:27.124963');
INSERT INTO white_list VALUES ('00004', '0024', NULL, '.pri', NULL, 0, '000001', '000001', '2018-08-07 11:55:27.124963', '2018-08-07 11:55:27.124963');
INSERT INTO white_list VALUES ('00004', '0025', NULL, '.txt', '\Users\*\AppData\Roaming\Microsoft\Windows\Cookies', 0, '000001', '000001', '2018-08-07 11:55:27.124963', '2018-08-07 11:55:27.124963');
INSERT INTO white_list VALUES ('00004', '0026', NULL, '.library-ms', '\Users\*\AppData\Roaming\Microsoft\Windows\Libraries', 0, '000001', '000001', '2018-08-07 11:55:27.124963', '2018-08-07 11:55:27.124963');
INSERT INTO white_list VALUES ('00004', '0027', 'EXCEL.EXE.Config', NULL, NULL, 0, '000001', '000001', '2018-08-07 11:55:27.124963', '2018-08-07 11:55:27.124963');
INSERT INTO white_list VALUES ('00004', '0028', NULL, NULL, '\Users\*\AppData\Local\Microsoft\Windows\Explorer\IconCacheToDelete', 0, '000001', '000001', '2018-08-07 11:55:27.124963', '2018-08-07 11:55:27.124963');
INSERT INTO white_list VALUES ('00004', '0029', NULL, NULL, '\Users\*\AppData\Local\Microsoft', 0, '000001', '000001', '2018-08-07 11:55:27.124963', '2018-08-07 11:55:27.124963');
INSERT INTO white_list VALUES ('00004', '0030', NULL, NULL, '\Users\*\AppData\Local\Microsoft\OTele', 0, '000001', '000001', '2018-08-07 11:55:27.124963', '2018-08-07 11:55:27.124963');
INSERT INTO white_list VALUES ('00004', '0031', NULL, NULL, '\Users\*\AppData\Local\Microsoft\Windows\Caches', 0, '000001', '000001', '2018-08-07 11:55:27.124963', '2018-08-07 11:55:27.124963');
INSERT INTO white_list VALUES ('00004', '0032', NULL, NULL, '\Users\*\AppData\Local\Microsoft\Windows\INetCache', 0, '000001', '000001', '2018-08-07 11:55:27.124963', '2018-08-07 11:55:27.124963');
INSERT INTO white_list VALUES ('00004', '0033', NULL, NULL, '\Users\*\AppData\Roaming\Microsoft\Office', 0, '000001', '000001', '2018-08-07 11:55:27.124963', '2018-08-07 11:55:27.124963');
INSERT INTO white_list VALUES ('00004', '0034', NULL, NULL, '\Users\*\AppData\Local\Microsoft\TokenBroker\Cache', 0, '000001', '000001', '2018-08-07 11:55:27.124963', '2018-08-07 11:55:27.124963');
INSERT INTO white_list VALUES ('00004', '0035', NULL, NULL, '\Users\*\AppData\Local\Microsoft\Office\OTele', 0, '000001', '000001', '2018-08-07 11:55:27.124963', '2018-08-07 11:55:27.124963');
INSERT INTO white_list VALUES ('00004', '0036', NULL, NULL, '\Users\*\AppData\Local\Microsoft\Office', 0, '000001', '000001', '2018-08-07 11:55:27.124963', '2018-08-07 11:55:27.124963');
INSERT INTO white_list VALUES ('00004', '0037', NULL, '.lex', NULL, 0, '000001', '000001', '2018-08-07 11:55:27.124963', '2018-08-07 11:55:27.124963');
INSERT INTO white_list VALUES ('00004', '0038', NULL, '.lnk', NULL, 0, '000001', '000001', '2018-08-07 11:55:27.124963', '2018-08-07 11:55:27.124963');
INSERT INTO white_list VALUES ('00004', '0039', NULL, NULL, '\Users\*\AppData\Local\Microsoft\Windows\Explorer', 0, '000001', '000001', '2018-08-07 11:55:27.124963', '2018-08-07 11:55:27.124963');
INSERT INTO white_list VALUES ('00004', '0040', NULL, '.db', NULL, 0, '000001', '000001', '2018-08-07 11:55:27.124963', '2018-08-07 11:55:27.124963');
INSERT INTO white_list VALUES ('00004', '0041', 'excel.exe_Rules.xml', NULL, '\Users\*\AppData\Local\Microsoft\Office\*', 0, '000001', '000001', '2018-08-07 11:55:27.124963', '2018-08-07 11:55:27.124963');
INSERT INTO white_list VALUES ('00004', '0042', NULL, '.ini', NULL, 0, '000001', '000001', '2018-08-07 11:55:27.124963', '2018-08-07 11:55:27.124963');
INSERT INTO white_list VALUES ('00004', '0043', NULL, '.bud', NULL, 0, '000001', '000001', '2018-08-07 11:55:27.124963', '2018-08-07 11:55:27.124963');
INSERT INTO white_list VALUES ('00004', '0044', NULL, '.gpd', NULL, 0, '000001', '000001', '2018-08-07 11:55:27.124963', '2018-08-07 11:55:27.124963');
INSERT INTO white_list VALUES ('00004', '0045', NULL, NULL, '\Users\*\AppData\Local\Microsoft\Office\*\BackstageInAppNavCache\MyComputer', 0, '000001', '000001', '2018-08-07 11:55:27.124963', '2018-08-07 11:55:27.124963');
INSERT INTO white_list VALUES ('00004', '0046', NULL, NULL, '\Users\*\AppData\Roaming\Microsoft\Excel', 0, '000001', '000001', '2018-08-07 11:55:27.124963', '2018-08-07 11:55:27.124963');
INSERT INTO white_list VALUES ('00004', '0047', 'ATOK26W.IME', NULL, '\ProgramFiles*\MicrosoftOffice\root\Office16', 0, '000001', '000001', '2018-08-07 11:55:27.124963', '2018-08-07 11:55:27.124963');
INSERT INTO white_list VALUES ('00004', '0048', 'ATOK26W.IME', NULL, '\ProgramFiles*\MicrosoftOffice\root\vfs\SystemX86', 0, '000001', '000001', '2018-08-07 11:55:27.124963', '2018-08-07 11:55:27.124963');
INSERT INTO white_list VALUES ('00004', '0049', NULL, '.thmx', NULL, 0, '000001', '000001', '2018-08-07 11:55:27.124963', '2018-08-07 11:55:27.124963');
INSERT INTO white_list VALUES ('00004', '0050', NULL, '.db', '\Users\*\AppData\Local\Microsoft\Windows\Caches', 0, '000001', '000001', '2018-08-07 11:55:27.124963', '2018-08-07 11:55:27.124963');
INSERT INTO white_list VALUES ('00004', '0051', 'desktop.ini', NULL, NULL, 0, '000001', '000001', '2018-08-07 11:55:27.124963', '2018-08-07 11:55:27.124963');
INSERT INTO white_list VALUES ('00004', '0052', NULL, '.db', '\Users\*\AppData\Local\Microsoft\Windows\Explorer', 0, '000001', '000001', '2018-08-07 11:55:27.124963', '2018-08-07 11:55:27.124963');
INSERT INTO white_list VALUES ('00004', '0053', NULL, '.cvr', NULL, 0, '000001', '000001', '2018-08-07 11:55:27.124963', '2018-08-07 11:55:27.124963');
INSERT INTO white_list VALUES ('00004', '0054', NULL, '.dctr', NULL, 0, '000001', '000001', '2018-08-07 11:55:27.124963', '2018-08-07 11:55:27.124963');
INSERT INTO white_list VALUES ('00004', '0055', NULL, '.dic_bak', NULL, 0, '000001', '000001', '2018-08-07 11:55:27.124963', '2018-08-07 11:55:27.124963');
INSERT INTO white_list VALUES ('00004', '0056', NULL, '.back', NULL, 0, '000001', '000001', '2018-08-07 11:55:27.124963', '2018-08-07 11:55:27.124963');
INSERT INTO white_list VALUES ('00004', '0057', NULL, '.fil', NULL, 0, '000001', '000001', '2018-08-07 11:55:27.124963', '2018-08-07 11:55:27.124963');
INSERT INTO white_list VALUES ('00004', '0058', NULL, '.OTF', NULL, 0, '000001', '000001', '2018-08-07 11:55:27.124963', '2018-08-07 11:55:27.124963');
INSERT INTO white_list VALUES ('00005', '0001', NULL, '.xml', NULL, 0, '000001', '000001', '2018-08-07 11:55:27.124963', '2018-08-07 11:55:27.124963');
INSERT INTO white_list VALUES ('00005', '0002', NULL, '.dat', NULL, 0, '000001', '000001', '2018-08-07 11:55:27.124963', '2018-08-07 11:55:27.124963');
INSERT INTO white_list VALUES ('00005', '0003', NULL, '.inf', NULL, 0, '000001', '000001', '2018-08-07 11:55:27.124963', '2018-08-07 11:55:27.124963');
INSERT INTO white_list VALUES ('00005', '0004', NULL, '.ODF', NULL, 0, '000001', '000001', '2018-08-07 11:55:27.124963', '2018-08-07 11:55:27.124963');
INSERT INTO white_list VALUES ('00005', '0005', NULL, '.ost', NULL, 0, '000001', '000001', '2018-08-07 11:55:27.124963', '2018-08-07 11:55:27.124963');
INSERT INTO white_list VALUES ('00005', '0006', NULL, '.ini', NULL, 0, '000001', '000001', '2018-08-07 11:55:27.124963', '2018-08-07 11:55:27.124963');
INSERT INTO white_list VALUES ('00005', '0007', NULL, '.config', NULL, 0, '000001', '000001', '2018-08-07 11:55:27.124963', '2018-08-07 11:55:27.124963');
INSERT INTO white_list VALUES ('00005', '0008', NULL, '.exe', NULL, 0, '000001', '000001', '2018-08-07 11:55:27.124963', '2018-08-07 11:55:27.124963');
INSERT INTO white_list VALUES ('00005', '0009', NULL, '.fkeytmp', NULL, 0, '000001', '000001', '2018-08-07 11:55:27.124963', '2018-08-07 11:55:27.124963');
INSERT INTO white_list VALUES ('00005', '0010', NULL, '.fon', NULL, 0, '000001', '000001', '2018-08-07 11:55:27.124963', '2018-08-07 11:55:27.124963');
INSERT INTO white_list VALUES ('00005', '0011', NULL, '.dll', NULL, 0, '000001', '000001', '2018-08-07 11:55:27.124963', '2018-08-07 11:55:27.124963');
INSERT INTO white_list VALUES ('00005', '0012', NULL, '.dic', NULL, 0, '000001', '000001', '2018-08-07 11:55:27.124963', '2018-08-07 11:55:27.124963');
INSERT INTO white_list VALUES ('00005', '0013', NULL, '.grm', NULL, 0, '000001', '000001', '2018-08-07 11:55:27.124963', '2018-08-07 11:55:27.124963');
INSERT INTO white_list VALUES ('00005', '0014', NULL, '.mui', NULL, 0, '000001', '000001', '2018-08-07 11:55:27.124963', '2018-08-07 11:55:27.124963');
INSERT INTO white_list VALUES ('00005', '0015', NULL, '.db', NULL, 0, '000001', '000001', '2018-08-07 11:55:27.124963', '2018-08-07 11:55:27.124963');
INSERT INTO white_list VALUES ('00005', '0016', NULL, '.tbres', '\Users\*\AppData\Local\Microsoft\TokenBroker\Cache', 0, '000001', '000001', '2018-08-07 11:55:27.124963', '2018-08-07 11:55:27.124963');
INSERT INTO white_list VALUES ('00005', '0017', NULL, '.library-ms', NULL, 0, '000001', '000001', '2018-08-07 11:55:27.124963', '2018-08-07 11:55:27.124963');
INSERT INTO white_list VALUES ('00005', '0018', NULL, '.lnk', NULL, 0, '000001', '000001', '2018-08-07 11:55:27.124963', '2018-08-07 11:55:27.124963');
INSERT INTO white_list VALUES ('00005', '0019', NULL, '.tlb', NULL, 0, '000001', '000001', '2018-08-07 11:55:27.124963', '2018-08-07 11:55:27.124963');
INSERT INTO white_list VALUES ('00005', '0020', NULL, '.log', NULL, 0, '000001', '000001', '2018-08-07 11:55:27.124963', '2018-08-07 11:55:27.124963');
INSERT INTO white_list VALUES ('00005', '0021', 'ATOK26W.IME', NULL, '\Program Files*\Microsoft Office\root\Office16', 0, '000001', '000001', '2018-08-07 11:55:27.124963', '2018-08-07 11:55:27.124963');
INSERT INTO white_list VALUES ('00005', '0022', 'ATOK26W.IME', NULL, '\Program Files*\Microsoft Office\root\vfs\SystemX86', 0, '000001', '000001', '2018-08-07 11:55:27.124963', '2018-08-07 11:55:27.124963');
INSERT INTO white_list VALUES ('00006', '0001', 'WINDOWS.EDB', NULL, '\PROGRAMDATA\MICROSOFT\SEARCH\DATA\APPLICATIONS\WINDOWS', 0, '000001', '000001', '2018-08-07 11:55:27.124963', '2018-08-07 11:55:27.124963');
INSERT INTO white_list VALUES ('00006', '0002', 'WINSPOOL.DRV', NULL, '\Windows\system32', 0, '000001', '000001', '2018-08-07 11:55:27.124963', '2018-08-07 11:55:27.124963');
INSERT INTO white_list VALUES ('00006', '0003', 'HelpPane.exe', NULL, NULL, 0, '000001', '000001', '2018-08-07 11:55:27.124963', '2018-08-07 11:55:27.124963');
INSERT INTO white_list VALUES ('00006', '0004', 'desktop.ini', NULL, '\Users\*\Desktop', 0, '000001', '000001', '2018-08-07 11:55:27.124963', '2018-08-07 11:55:27.124963');
INSERT INTO white_list VALUES ('00006', '0005', 'desktop.ini', NULL, '\Users', 0, '000001', '000001', '2018-08-07 11:55:27.124963', '2018-08-07 11:55:27.124963');
INSERT INTO white_list VALUES ('00006', '0006', 'WindowsShell.Manifest', NULL, '\WINDOWS', 0, '000001', '000001', '2018-08-07 11:55:27.124963', '2018-08-07 11:55:27.124963');
INSERT INTO white_list VALUES ('00006', '0007', NULL, '.mui', '\WINDOWS\system32\*', 0, '000001', '000001', '2018-08-07 11:55:27.124963', '2018-08-07 11:55:27.124963');
INSERT INTO white_list VALUES ('00006', '0008', NULL, '.dctr', '\Users\*\AppData\Local\Microsoft\IME\*\IMEJP\Dicts', 0, '000001', '000001', '2018-08-07 11:55:27.124963', '2018-08-07 11:55:27.124963');
INSERT INTO white_list VALUES ('00006', '0009', 'ATOK26W.IME', NULL, '\Program Files*\Microsoft Office\root\Office16', 0, '000001', '000001', '2018-08-07 11:55:27.124963', '2018-08-07 11:55:27.124963');
INSERT INTO white_list VALUES ('00006', '0010', 'ATOK26W.IME', NULL, '\Program Files*\Microsoft Office\root\vfs\SystemX86', 0, '000001', '000001', '2018-08-07 11:55:27.124963', '2018-08-07 11:55:27.124963');
INSERT INTO white_list VALUES ('00007', '0001', NULL, '.nls', NULL, 0, '000001', '000001', '2018-08-07 11:55:27.124963', '2018-08-07 11:55:27.124963');
INSERT INTO white_list VALUES ('00007', '0002', NULL, '.mui', NULL, 0, '000001', '000001', '2018-08-07 11:55:27.124963', '2018-08-07 11:55:27.124963');
INSERT INTO white_list VALUES ('00007', '0003', NULL, '.dat', NULL, 0, '000001', '000001', '2018-08-07 11:55:27.124963', '2018-08-07 11:55:27.124963');
INSERT INTO white_list VALUES ('00007', '0004', NULL, '.Config', NULL, 0, '000001', '000001', '2018-08-07 11:55:27.124963', '2018-08-07 11:55:27.124963');
INSERT INTO white_list VALUES ('00007', '0005', NULL, '.ini', NULL, 0, '000001', '000001', '2018-08-07 11:55:27.124963', '2018-08-07 11:55:27.124963');
INSERT INTO white_list VALUES ('00007', '0006', NULL, '.db', NULL, 0, '000001', '000001', '2018-08-07 11:55:27.124963', '2018-08-07 11:55:27.124963');
INSERT INTO white_list VALUES ('00007', '0007', NULL, '.wpc', NULL, 0, '000001', '000001', '2018-08-07 11:55:27.124963', '2018-08-07 11:55:27.124963');
INSERT INTO white_list VALUES ('00007', '0008', NULL, '.library-ms', NULL, 0, '000001', '000001', '2018-08-07 11:55:27.124963', '2018-08-07 11:55:27.124963');
INSERT INTO white_list VALUES ('00007', '0009', NULL, '.tlb', NULL, 0, '000001', '000001', '2018-08-07 11:55:27.124963', '2018-08-07 11:55:27.124963');
INSERT INTO white_list VALUES ('00007', '0010', NULL, '.log', NULL, 0, '000001', '000001', '2018-08-07 11:55:27.124963', '2018-08-07 11:55:27.124963');
INSERT INTO white_list VALUES ('00007', '0011', 'ATOK26W.IME', NULL, '\Program Files*\Microsoft Office\root\Office16', 0, '000001', '000001', '2018-08-07 11:55:27.124963', '2018-08-07 11:55:27.124963');
INSERT INTO white_list VALUES ('00007', '0012', 'ATOK26W.IME', NULL, '\Program Files*\Microsoft Office\root\vfs\SystemX86', 0, '000001', '000001', '2018-08-07 11:55:27.124963', '2018-08-07 11:55:27.124963');
INSERT INTO white_list VALUES ('00007', '0013', NULL, '.TTF', NULL, 0, '000001', '000001', '2018-08-07 11:55:27.124963', '2018-08-07 11:55:27.124963');
INSERT INTO white_list VALUES ('00007', '0014', NULL, '.grm', NULL, 0, '000001', '000001', '2018-08-07 11:55:27.124963', '2018-08-07 11:55:27.124963');
INSERT INTO white_list VALUES ('00007', '0015', NULL, '.pld', NULL, 0, '000001', '000001', '2018-08-07 11:55:27.124963', '2018-08-07 11:55:27.124963');
INSERT INTO white_list VALUES ('00007', '0016', NULL, '.TTC', NULL, 0, '000001', '000001', '2018-08-07 11:55:27.124963', '2018-08-07 11:55:27.124963');
INSERT INTO white_list VALUES ('00008', '0001', NULL, '.nls', NULL, 0, '000001', '000001', '2018-08-07 11:55:27.124963', '2018-08-07 11:55:27.124963');
INSERT INTO white_list VALUES ('00008', '0002', NULL, '.exe', NULL, 0, '000001', '000001', '2018-08-07 11:55:27.124963', '2018-08-07 11:55:27.124963');
INSERT INTO white_list VALUES ('00008', '0003', NULL, '.manifest', NULL, 0, '000001', '000001', '2018-08-07 11:55:27.124963', '2018-08-07 11:55:27.124963');
INSERT INTO white_list VALUES ('00008', '0004', NULL, '.ini', NULL, 0, '000001', '000001', '2018-08-07 11:55:27.124963', '2018-08-07 11:55:27.124963');
INSERT INTO white_list VALUES ('00008', '0005', NULL, '.mui', NULL, 0, '000001', '000001', '2018-08-07 11:55:27.124963', '2018-08-07 11:55:27.124963');
INSERT INTO white_list VALUES ('00008', '0006', NULL, '.propdesc', NULL, 0, '000001', '000001', '2018-08-07 11:55:27.124963', '2018-08-07 11:55:27.124963');
INSERT INTO white_list VALUES ('00008', '0007', NULL, '.db', NULL, 0, '000001', '000001', '2018-08-07 11:55:27.124963', '2018-08-07 11:55:27.124963');
INSERT INTO white_list VALUES ('00008', '0008', 'ATOK26W.IME', NULL, '\Program Files*\Microsoft Office\root\Office16', 0, '000001', '000001', '2018-08-07 11:55:27.124963', '2018-08-07 11:55:27.124963');
INSERT INTO white_list VALUES ('00008', '0009', 'ATOK26W.IME', NULL, '\Program Files*\Microsoft Office\root\vfs\SystemX86', 0, '000001', '000001', '2018-08-07 11:55:27.124963', '2018-08-07 11:55:27.124963');
INSERT INTO white_list VALUES ('00009', '0001', NULL, '.arx', NULL, 0, '000001', '000001', '2018-08-07 11:55:27.124963', '2018-08-07 11:55:27.124963');
INSERT INTO white_list VALUES ('00009', '0002', NULL, '.crx', NULL, 0, '000001', '000001', '2018-08-07 11:55:27.124963', '2018-08-07 11:55:27.124963');
INSERT INTO white_list VALUES ('00009', '0003', NULL, '.mui', NULL, 0, '000001', '000001', '2018-08-07 11:55:27.124963', '2018-08-07 11:55:27.124963');
INSERT INTO white_list VALUES ('00009', '0004', NULL, '.COMPOSITEFONT', NULL, 0, '000001', '000001', '2018-08-07 11:55:27.124963', '2018-08-07 11:55:27.124963');
INSERT INTO white_list VALUES ('00009', '0005', 'acad.exe.Config', NULL, NULL, 0, '000001', '000001', '2018-08-07 11:55:27.124963', '2018-08-07 11:55:27.124963');
INSERT INTO white_list VALUES ('00009', '0006', 'desktop.ini', NULL, NULL, 0, '000001', '000001', '2018-08-07 11:55:27.124963', '2018-08-07 11:55:27.124963');
INSERT INTO white_list VALUES ('00009', '0007', NULL, '.shx', '\ProgramFiles\Autodesk\*\Fonts', 0, '000001', '000001', '2018-08-07 11:55:27.124963', '2018-08-07 11:55:27.124963');
INSERT INTO white_list VALUES ('00009', '0008', NULL, '.shx', '\Users\*\AppData\Roaming\Autodesk\*\Support', 0, '000001', '000001', '2018-08-07 11:55:27.124963', '2018-08-07 11:55:27.124963');
INSERT INTO white_list VALUES ('00009', '0009', NULL, '.fmp', '\Users\*\AppData\Roaming\Autodesk\*\Support', 0, '000001', '000001', '2018-08-07 11:55:27.124963', '2018-08-07 11:55:27.124963');
INSERT INTO white_list VALUES ('00009', '0010', NULL, '.TTF', '\Windows\Fonts', 0, '000001', '000001', '2018-08-07 11:55:27.124963', '2018-08-07 11:55:27.124963');
INSERT INTO white_list VALUES ('00009', '0011', NULL, '.db', NULL, 0, '000001', '000001', '2018-08-07 11:55:27.124963', '2018-08-07 11:55:27.124963');
INSERT INTO white_list VALUES ('00009', '0012', NULL, '.mnu', NULL, 0, '000001', '000001', '2018-08-07 11:55:27.124963', '2018-08-07 11:55:27.124963');
INSERT INTO white_list VALUES ('00009', '0013', NULL, '.json', '\Users\*\AppData\Roaming\Autodesk\ACD\*\*\*\MC3\Json', 0, '000001', '000001', '2018-08-07 11:55:27.124963', '2018-08-07 11:55:27.124963');
INSERT INTO white_list VALUES ('00009', '0014', 'ProdDep_UserDep.mc3', NULL, '\Users\*\AppData\Roaming\Autodesk\ACD\*\*\*\MC3', 0, '000001', '000001', '2018-08-07 11:55:27.124963', '2018-08-07 11:55:27.124963');
INSERT INTO white_list VALUES ('00009', '0015', NULL, '.TTC', '\Windows\Fonts', 0, '000001', '000001', '2018-08-07 11:55:27.124963', '2018-08-07 11:55:27.124963');
INSERT INTO white_list VALUES ('00009', '0016', NULL, '.IME', NULL, 0, '000001', '000001', '2018-08-07 11:55:27.124963', '2018-08-07 11:55:27.124963');
INSERT INTO white_list VALUES ('00009', '0017', NULL, '.dwl', NULL, 0, '000001', '000001', '2018-08-07 11:55:27.124963', '2018-08-07 11:55:27.124963');
INSERT INTO white_list VALUES ('00009', '0018', NULL, '.cuix', NULL, 0, '000001', '000001', '2018-08-07 11:55:27.124963', '2018-08-07 11:55:27.124963');
INSERT INTO white_list VALUES ('00009', '0019', NULL, '.data', '\ProgramData\FLEXnet', 0, '000001', '000001', '2018-08-07 11:55:27.124963', '2018-08-07 11:55:27.124963');
INSERT INTO white_list VALUES ('00009', '0020', NULL, '.dwl2', NULL, 0, '000001', '000001', '2018-08-07 11:55:27.124963', '2018-08-07 11:55:27.124963');
INSERT INTO white_list VALUES ('00009', '0021', NULL, '.dwk', NULL, 0, '000001', '000001', '2018-08-07 11:55:27.124963', '2018-08-07 11:55:27.124963');
INSERT INTO white_list VALUES ('00009', '0022', NULL, '.mnl', NULL, 0, '000001', '000001', '2018-08-07 11:55:27.124963', '2018-08-07 11:55:27.124963');
INSERT INTO white_list VALUES ('00009', '0023', NULL, '.001', '\ProgramData\FLEXnet', 0, '000001', '000001', '2018-08-07 11:55:27.124963', '2018-08-07 11:55:27.124963');
INSERT INTO white_list VALUES ('00009', '0024', NULL, '.shx', '\ProgramFiles\Autodesk\*\Support\*', 0, '000001', '000001', '2018-08-07 11:55:27.124963', '2018-08-07 11:55:27.124963');
INSERT INTO white_list VALUES ('00009', '0025', NULL, '.dbx', NULL, 0, '000001', '000001', '2018-08-07 11:55:27.124963', '2018-08-07 11:55:27.124963');
INSERT INTO white_list VALUES ('00009', '0026', NULL, '.pdb', NULL, 0, '000001', '000001', '2018-08-07 11:55:27.124963', '2018-08-07 11:55:27.124963');
INSERT INTO white_list VALUES ('00009', '0027', 'win.ini', NULL, '\Windows', 0, '000001', '000001', '2018-08-07 11:55:27.124963', '2018-08-07 11:55:27.124963');
INSERT INTO white_list VALUES ('00009', '0028', NULL, '.shx', NULL, 0, '000001', '000001', '2018-08-07 11:55:27.124963', '2018-08-07 11:55:27.124963');
INSERT INTO white_list VALUES ('00009', '0029', 'acad.rx', NULL, NULL, 0, '000001', '000001', '2018-08-07 11:55:27.124963', '2018-08-07 11:55:27.124963');
INSERT INTO white_list VALUES ('00009', '0030', NULL, '.xaml', NULL, 0, '000001', '000001', '2018-08-07 11:55:27.124963', '2018-08-07 11:55:27.124963');
INSERT INTO white_list VALUES ('00009', '0031', NULL, '.ini', NULL, 0, '000001', '000001', '2018-08-07 11:55:27.124963', '2018-08-07 11:55:27.124963');
INSERT INTO white_list VALUES ('00009', '0032', NULL, '.xml', NULL, 0, '000001', '000001', '2018-08-07 11:55:27.124963', '2018-08-07 11:55:27.124963');
INSERT INTO white_list VALUES ('00009', '0033', NULL, '.fsl', '\ProgramFiles\Autodesk\*', 0, '000001', '000001', '2018-08-07 11:55:27.124963', '2018-08-07 11:55:27.124963');
INSERT INTO white_list VALUES ('00009', '0034', 'winspool.drv', NULL, '\Windows\system32', 0, '000001', '000001', '2018-08-07 11:55:27.124963', '2018-08-07 11:55:27.124963');
INSERT INTO white_list VALUES ('00009', '0035', NULL, '.cpl', NULL, 0, '000001', '000001', '2018-08-07 11:55:27.124963', '2018-08-07 11:55:27.124963');
INSERT INTO white_list VALUES ('00009', '0036', NULL, '.Manifest', NULL, 0, '000001', '000001', '2018-08-07 11:55:27.124963', '2018-08-07 11:55:27.124963');
INSERT INTO white_list VALUES ('00009', '0037', NULL, '.resources', NULL, 0, '000001', '000001', '2018-08-07 11:55:27.124963', '2018-08-07 11:55:27.124963');
INSERT INTO white_list VALUES ('00009', '0038', NULL, '.fas', NULL, 0, '000001', '000001', '2018-08-07 11:55:27.124963', '2018-08-07 11:55:27.124963');
INSERT INTO white_list VALUES ('00009', '0039', NULL, '.vlx', NULL, 0, '000001', '000001', '2018-08-07 11:55:27.124963', '2018-08-07 11:55:27.124963');
INSERT INTO white_list VALUES ('00009', '0040', NULL, '.lsp', NULL, 0, '000001', '000001', '2018-08-07 11:55:27.124963', '2018-08-07 11:55:27.124963');
INSERT INTO white_list VALUES ('00009', '0041', NULL, '.config', NULL, 0, '000001', '000001', '2018-08-07 11:55:27.124963', '2018-08-07 11:55:27.124963');
INSERT INTO white_list VALUES ('00009', '0042', NULL, '.aux', NULL, 0, '000001', '000001', '2018-08-07 11:55:27.124963', '2018-08-07 11:55:27.124963');
INSERT INTO white_list VALUES ('00009', '0043', NULL, '.cur', NULL, 0, '000001', '000001', '2018-08-07 11:55:27.124963', '2018-08-07 11:55:27.124963');
INSERT INTO white_list VALUES ('00009', '0044', NULL, '.aws', NULL, 0, '000001', '000001', '2018-08-07 11:55:27.124963', '2018-08-07 11:55:27.124963');
INSERT INTO white_list VALUES ('00009', '0045', NULL, '.icm', NULL, 0, '000001', '000001', '2018-08-07 11:55:27.124963', '2018-08-07 11:55:27.124963');
INSERT INTO white_list VALUES ('00009', '0046', NULL, '.pit', NULL, 0, '000001', '000001', '2018-08-07 11:55:27.124963', '2018-08-07 11:55:27.124963');
INSERT INTO white_list VALUES ('00009', '0047', NULL, '.log', NULL, 0, '000001', '000001', '2018-08-07 11:55:27.124963', '2018-08-07 11:55:27.124963');
INSERT INTO white_list VALUES ('00009', '0048', NULL, '.tlb', NULL, 0, '000001', '000001', '2018-08-07 11:55:27.124963', '2018-08-07 11:55:27.124963');
INSERT INTO white_list VALUES ('00009', '0049', NULL, '.cas', NULL, 0, '000001', '000001', '2018-08-07 11:55:27.124963', '2018-08-07 11:55:27.124963');
INSERT INTO white_list VALUES ('00009', '0050', NULL, '.dat', NULL, 0, '000001', '000001', '2018-08-07 11:55:27.124963', '2018-08-07 11:55:27.124963');
INSERT INTO white_list VALUES ('00009', '0051', NULL, '.tmp', NULL, 0, '000001', '000001', '2018-08-07 11:55:27.124963', '2018-08-07 11:55:27.124963');
INSERT INTO white_list VALUES ('00009', '0052', NULL, '.utt', '\Users\msdn\AppData\Roaming\Autodesk\ADUT\*\Transcripts', 0, '000001', '000001', '2018-08-07 11:55:27.124963', '2018-08-07 11:55:27.124963');
INSERT INTO white_list VALUES ('00009', '0053', NULL, '.htm', NULL, 0, '000001', '000001', '2018-08-07 11:55:27.124963', '2018-08-07 11:55:27.124963');
INSERT INTO white_list VALUES ('00009', '0054', NULL, '.sdb', NULL, 0, '000001', '000001', '2018-08-07 11:55:27.124963', '2018-08-07 11:55:27.124963');
INSERT INTO white_list VALUES ('00009', '0055', NULL, '.lock', NULL, 0, '000001', '000001', '2018-08-07 11:55:27.124963', '2018-08-07 11:55:27.124963');
INSERT INTO white_list VALUES ('00009', '0056', 'ProdDep_UserInd.mc3', NULL, '\ProgramData\Autodesk\ACD\*\*\*\MC3', 0, '000001', '000001', '2018-08-07 11:55:27.124963', '2018-08-07 11:55:27.124963');
INSERT INTO white_list VALUES ('00009', '0057', NULL, '.bin', NULL, 0, '000001', '000001', '2018-08-07 11:55:27.124963', '2018-08-07 11:55:27.124963');
INSERT INTO white_list VALUES ('00009', '0058', 'acadbtn.xmx', NULL, '\ProgramFiles\Autodesk\*', 0, '000001', '000001', '2018-08-07 11:55:27.124963', '2018-08-07 11:55:27.124963');
INSERT INTO white_list VALUES ('00009', '0059', NULL, '.hdi', NULL, 0, '000001', '000001', '2018-08-07 11:55:27.124963', '2018-08-07 11:55:27.124963');
INSERT INTO white_list VALUES ('00009', '0060', NULL, '.zip', NULL, 0, '000001', '000001', '2018-08-07 11:55:27.124963', '2018-08-07 11:55:27.124963');
INSERT INTO white_list VALUES ('00009', '0061', NULL, '.bmp', NULL, 0, '000001', '000001', '2018-08-07 11:55:27.124963', '2018-08-07 11:55:27.124963');
INSERT INTO white_list VALUES ('00009', '0062', NULL, '.lnk', NULL, 0, '000001', '000001', '2018-08-07 11:55:27.124963', '2018-08-07 11:55:27.124963');
INSERT INTO white_list VALUES ('00009', '0063', 'AcFields.fdc', NULL, '\Users\*\AppData\Roaming\Autodesk\*\*\*\Support', 0, '000001', '000001', '2018-08-07 11:55:27.124963', '2018-08-07 11:55:27.124963');
INSERT INTO white_list VALUES ('00009', '0064', NULL, '.html', NULL, 0, '000001', '000001', '2018-08-07 11:55:27.124963', '2018-08-07 11:55:27.124963');
INSERT INTO white_list VALUES ('00009', '0065', NULL, '.pat', NULL, 0, '000001', '000001', '2018-08-07 11:55:27.124963', '2018-08-07 11:55:27.124963');
INSERT INTO white_list VALUES ('00009', '0066', NULL, '.ctb', '\Users\*\AppData\Roaming\Autodesk\*\*\*\plotters\plotstyles', 0, '000001', '000001', '2018-08-07 11:55:27.124963', '2018-08-07 11:55:27.124963');
INSERT INTO white_list VALUES ('00009', '0067', NULL, '.xmx', NULL, 0, '000001', '000001', '2018-08-07 11:55:27.124963', '2018-08-07 11:55:27.124963');
INSERT INTO white_list VALUES ('00009', '0068', NULL, '.qm', NULL, 0, '000001', '000001', '2018-08-07 11:55:27.124963', '2018-08-07 11:55:27.124963');
INSERT INTO white_list VALUES ('00009', '0069', NULL, '.AcDsGcCache', NULL, 0, '000001', '000001', '2018-08-07 11:55:27.124963', '2018-08-07 11:55:27.124963');
INSERT INTO white_list VALUES ('00009', '0070', 'AcCopyrights.rtf', NULL, '\ProgramFiles\Autodesk\*\Support', 0, '000001', '000001', '2018-08-07 11:55:27.124963', '2018-08-07 11:55:27.124963');
INSERT INTO white_list VALUES ('00009', '0071', NULL, '.chm', '\ProgramFiles\Autodesk\*\HELP', 0, '000001', '000001', '2018-08-07 11:55:27.124963', '2018-08-07 11:55:27.124963');
INSERT INTO white_list VALUES ('00009', '0072', NULL, '.rsc', '\ProgramFiles\Autodesk\*\Fonts', 0, '000001', '000001', '2018-08-07 11:55:27.124963', '2018-08-07 11:55:27.124963');
INSERT INTO white_list VALUES ('00009', '0073', NULL, '.rsc', '\ProgramFiles\Autodesk\*\Support', 0, '000001', '000001', '2018-08-07 11:55:27.124963', '2018-08-07 11:55:27.124963');
INSERT INTO white_list VALUES ('00009', '0074', NULL, '.csv', NULL, 0, '000001', '000001', '2018-08-07 11:55:27.124963', '2018-08-07 11:55:27.124963');
INSERT INTO white_list VALUES ('00010', '0001', NULL, '.db', NULL, 0, '000001', '000001', '2018-08-07 11:55:27.124963', '2018-08-07 11:55:27.124963');
INSERT INTO white_list VALUES ('00010', '0002', 'desktop.ini', NULL, NULL, 0, '000001', '000001', '2018-08-07 11:55:27.124963', '2018-08-07 11:55:27.124963');
INSERT INTO white_list VALUES ('00010', '0003', NULL, '.Config', NULL, 0, '000001', '000001', '2018-08-07 11:55:27.124963', '2018-08-07 11:55:27.124963');
INSERT INTO white_list VALUES ('00010', '0004', NULL, '.dic', NULL, 0, '000001', '000001', '2018-08-07 11:55:27.124963', '2018-08-07 11:55:27.124963');
INSERT INTO white_list VALUES ('00010', '0005', NULL, '.grm', NULL, 0, '000001', '000001', '2018-08-07 11:55:27.124963', '2018-08-07 11:55:27.124963');
INSERT INTO white_list VALUES ('00010', '0006', NULL, '.Manifest', NULL, 0, '000001', '000001', '2018-08-07 11:55:27.124963', '2018-08-07 11:55:27.124963');
INSERT INTO white_list VALUES ('00010', '0007', NULL, '.ocx', NULL, 0, '000001', '000001', '2018-08-07 11:55:27.124963', '2018-08-07 11:55:27.124963');
INSERT INTO white_list VALUES ('00010', '0008', NULL, '.mui', NULL, 0, '000001', '000001', '2018-08-07 11:55:27.124963', '2018-08-07 11:55:27.124963');
INSERT INTO white_list VALUES ('00010', '0009', NULL, '.FON', '\Windows\Fonts', 0, '000001', '000001', '2018-08-07 11:55:27.124963', '2018-08-07 11:55:27.124963');
INSERT INTO white_list VALUES ('00010', '0010', NULL, '.TTF', '\Windows\Fonts', 0, '000001', '000001', '2018-08-07 11:55:27.124963', '2018-08-07 11:55:27.124963');
INSERT INTO white_list VALUES ('00010', '0011', NULL, '.TTC', '\Windows\Fonts', 0, '000001', '000001', '2018-08-07 11:55:27.124963', '2018-08-07 11:55:27.124963');
INSERT INTO white_list VALUES ('00010', '0012', NULL, '.GPD', NULL, 0, '000001', '000001', '2018-08-07 11:55:27.124963', '2018-08-07 11:55:27.124963');
INSERT INTO white_list VALUES ('00010', '0013', NULL, '.BUD', NULL, 0, '000001', '000001', '2018-08-07 11:55:27.124963', '2018-08-07 11:55:27.124963');
INSERT INTO white_list VALUES ('00010', '0014', 'Jw_cad.chm', NULL, NULL, 0, '000001', '000001', '2018-08-07 11:55:27.124963', '2018-08-07 11:55:27.124963');
INSERT INTO white_list VALUES ('00010', '0015', 'Jw_cad.chi', NULL, NULL, 0, '000001', '000001', '2018-08-07 11:55:27.124963', '2018-08-07 11:55:27.124963');
INSERT INTO white_list VALUES ('00010', '0016', NULL, '.dat', NULL, 0, '000001', '000001', '2018-08-07 11:55:27.124963', '2018-08-07 11:55:27.124963');
INSERT INTO white_list VALUES ('00010', '0017', NULL, '.nls', NULL, 0, '000001', '000001', '2018-08-07 11:55:27.124963', '2018-08-07 11:55:27.124963');
INSERT INTO white_list VALUES ('00010', '0018', NULL, '.wav', NULL, 0, '000001', '000001', '2018-08-07 11:55:27.124963', '2018-08-07 11:55:27.124963');
INSERT INTO white_list VALUES ('00010', '0019', 'wdmaud.drv', NULL, NULL, 0, '000001', '000001', '2018-08-07 11:55:27.124963', '2018-08-07 11:55:27.124963');
INSERT INTO white_list VALUES ('00010', '0020', NULL, '.htm', NULL, 0, '000001', '000001', '2018-08-07 11:55:27.124963', '2018-08-07 11:55:27.124963');
INSERT INTO white_list VALUES ('00010', '0021', NULL, '.lnk', NULL, 0, '000001', '000001', '2018-08-07 11:55:27.124963', '2018-08-07 11:55:27.124963');
INSERT INTO white_list VALUES ('00010', '0022', NULL, '.xml', NULL, 0, '000001', '000001', '2018-08-07 11:55:27.124963', '2018-08-07 11:55:27.124963');
INSERT INTO white_list VALUES ('00010', '0023', NULL, '.ini', NULL, 0, '000001', '000001', '2018-08-07 11:55:27.124963', '2018-08-07 11:55:27.124963');
INSERT INTO white_list VALUES ('00010', '0024', NULL, '.library-ms', NULL, 0, '000001', '000001', '2018-08-07 11:55:27.124963', '2018-08-07 11:55:27.124963');
INSERT INTO white_list VALUES ('00011', '0001', 'proof.tmp', NULL, NULL, 0, '000001', '000001', '2018-08-07 11:56:59.385257', '2018-08-07 11:56:59.385257');
INSERT INTO white_list VALUES ('00011', '0002', NULL, '.exe', NULL, 0, '000001', '000001', '2018-08-07 11:57:08.536631', '2018-08-07 11:57:08.536631');
INSERT INTO white_list VALUES ('00011', '0003', NULL, NULL, '\microsoft\dummy\', 0, '000001', '000001', '2018-08-07 11:57:28.318486', '2018-08-07 11:57:28.318486');
INSERT INTO white_list VALUES ('00011', '0004', 'ProofModelFile', '.grm', '\sample\file\', 0, '000001', '000001', '2018-08-07 11:57:55.485272', '2018-08-07 11:57:55.485272');



commit ;
