BEGIN ;

TRUNCATE user_mst CASCADE ;
TRUNCATE user_groups CASCADE ;
TRUNCATE projects CASCADE ;


INSERT INTO user_mst VALUES ('000001', 'admin', '8d9548f95b0a4e77a1bb8cb047da8045c76a75047613edf48f52487d08ade5eb', 'システム管理者', 'システムカンリシャ', 't-kimura@plott.jp', NULL, '2018-09-05 10:24:03', '2018-09-05 10:22:19', 1, 1, 1, 0, NULL, NULL, 1, 'システム管理企業', 1, 0, 0, '000001', '000001', '2018-09-05 10:22:19', '2018-09-05 10:24:02',1,1);
INSERT INTO user_mst VALUES ('000002', 'sampleuser01', 'b1d51bad3c06219936a4d5284209ba55b2b3ca22e7ed070fb13cdf8a0229c964', 'sampleuser01', 'サンプルイチ', 'sampleuser01@plott.jp', NULL, NULL, '1970-01-01 00:00:00', 0, 0, 0, 0, NULL, NULL, 1, 'ホスト１企業', 1, 0, 0, '000001', '000001', '2018-09-05 10:26:37', NULL,1,1);
INSERT INTO user_mst VALUES ('000003', 'sampleuser02', 'c586b243d3f61e093430dd8c8d9bbfba71242b9a7eccec23f841160de2e92e6e', 'sampleuser02', 'サンプルニ', 'sampleuser02@plott.co.jp', NULL, NULL, '1970-01-01 00:00:00', 0, 0, 1, 0, NULL, NULL, 1, 'ゲスト1企業', 1, 0, 0, '000001', '000001', '2018-09-05 10:27:46', '2018-09-05 11:00:14',1,1);
INSERT INTO user_mst VALUES ('000004', 'sampleuser03', 'c3994e2c06a50992cb10a7a812068d7e260fd4c776c55e5449ffd6614c4e3e0a', 'sampleuser03', ' サンプルサン', 'sampleuser03@plott.jp', NULL, NULL, '1970-01-01 00:00:00', 1, 0, 0, 0, NULL, NULL, 1, 'ホスト2企業', 1, 0, 0, '000001', '000001', '2018-09-05 10:30:25', '2018-09-05 11:01:16');
INSERT INTO user_mst VALUES ('000005', 'sampleuser04', 'c3994e2c06a50992cb10a7a812068d7e260fd4c776c55e5449ffd6614c4e3e0a', 'sampleuser04', ' サンプルサン', 'sampleuser03@plott.jp', NULL, NULL, '1970-01-01 00:00:00', 1, 0, 0, 0, NULL, NULL, 1, 'ホスト2企業', 1, 0, 0, '000001', '000001', '2018-09-05 10:30:25', '2018-09-05 11:01:16');
INSERT INTO user_mst VALUES ('000006', 'sampleuser05', 'c3994e2c06a50992cb10a7a812068d7e260fd4c776c55e5449ffd6614c4e3e0a', 'sampleuser05', ' サンプルサン', 'sampleuser03@plott.jp', NULL, NULL, '1970-01-01 00:00:00', 1, 0, 0, 0, NULL, NULL, 1, 'ホスト2企業', 1, 0, 0, '000001', '000001', '2018-09-05 10:30:25', '2018-09-05 11:01:16');

INSERT INTO user_groups VALUES ('000001', 'ユーザーグループ1', NULL, '000001', '000001', '2019-09-04 13:38:26.787721', '2019-09-04 13:38:26.787721');
INSERT INTO user_groups VALUES ('000002', 'ユーザーグループ2', NULL, '000001', '000001', '2019-09-05 11:26:21.045409', '2019-09-05 11:26:21.045409');

INSERT INTO user_groups_users VALUES ('000001', '000001', '000001', '000001', '2019-09-04 13:38:35.042143', '2019-09-04 13:38:35.042143');
INSERT INTO user_groups_users VALUES ('000001', '000002', '000001', '000001', '2019-09-04 13:40:13.280745', '2019-09-04 13:40:13.280745');
INSERT INTO user_groups_users VALUES ('000002', '000001', '000001', '000001', '2019-09-05 11:26:34.488544', '2019-09-05 11:26:34.488544');
INSERT INTO user_groups_users VALUES ('000002', '000003', '000001', '000001', '2019-09-05 19:37:14.735644', '2019-09-05 19:37:14.735644');

INSERT INTO projects VALUES ('000001', 'プロジェクト１', 'テストコメント', 0, 0, 1, 0, 1, 1, '000001', '000001', '2019-09-04 13:37:08.659574', '2019-09-04 13:37:08.659574');
INSERT INTO projects VALUES ('000002', 'プロジェクト２', 'テスト', 1, 1, 0, 0, 1, 1, '000001', '000001', '2019-09-04 13:37:15.821474', '2019-09-04 16:15:11');
INSERT INTO projects VALUES ('000003', 'プロジェクト３', NULL, 1, 0, 1, 0, 1, 1, '999999', '999999', '2019-09-05 07:11:30.691328', '2019-09-05 07:11:30.691328');

INSERT INTO projects_users VALUES ('000001', '000001', 1, '000001', '000001', '2019-09-04 13:37:23.877338', '2019-09-04 13:37:23.877338');
INSERT INTO projects_users VALUES ('000001', '000002', 1, '000001', '000001', '2019-09-04 13:37:23.877338', '2019-09-04 13:37:23.877338');
INSERT INTO projects_users VALUES ('000001', '000004', 1, '000001', '000001', '2019-09-04 13:37:23.877338', '2019-09-04 13:37:23.877338');
INSERT INTO projects_users VALUES ('000001', '000005', 1, '000001', '000001', '2019-09-04 13:37:23.877338', '2019-09-04 13:37:23.877338');
INSERT INTO projects_users VALUES ('000002', '000001', 1, '000001', '000001', '2019-09-04 18:53:46.083167', '2019-09-04 18:53:46.083167');
INSERT INTO projects_users VALUES ('000002', '000002', 0, '000001', '000001', '2019-09-05 07:11:30.691328', '2019-09-05 07:11:30.691328');
INSERT INTO projects_users VALUES ('000002', '000003', 0, '000001', '000001', '2019-09-05 07:11:30.691328', '2019-09-05 07:11:30.691328');











INSERT INTO projects_files VALUES ('000001', '0000000001', 'ファイル.docx', 'd1Pe-mZxQ9m4bu3v5N2_kTpR9rUysrdowOlCR6faSk8ya2sVwG6Oj4R-d4QIavFronjvBOGpyEnaPdSfn32GFwwSlwCMjtWr0m5O0FoPpbqnIvnH0vsGCe-iD_riJbCoagxJvOqwqf-UBmKGdgwuKN0T92GExOesHgsKAtwARlFOef16DJvf8HW2u3c8sP4O2ZcbVA-XxVTwKVwvI5KC-2', 1, '000001', '000001', '2019-09-04 16:54:23.864835', '2019-09-04 16:54:23.864835');
INSERT INTO projects_files VALUES ('000001', '0000000002', 'ファイル.xlsx', 'TK7W8ZZdWkyjBlKZiXLkkcCo3oNsIMIB3qWmNRWwVxNnC2F26AZoC4aOPi8VSPFlZ0vUNfcGid4Fa_DRXlUoSs6Uvk-9o7D8SA1MeX2Sj_jZg4USkg68vZp7eB2rt10mlkpWZWxbXP2azTj3pgfSe0NltI6B5T26VJwMNMykT7ukVFiyiZmBHwMvTNOU-K6QgJnuBhxfeaCjS5tdtjmAob', 0, '000001', '000001', '2019-09-04 17:25:17.448317', '2019-09-04 17:25:17.448317');
INSERT INTO projects_files VALUES ('000001', '0000000003', 'ファイル.pptx', 'TK7W8ZZdWkyjBlKZiXLkkcCo3oNsIMIB3qWmNRWwVxNnC2F26AZoC4aOPi8VSPFlZ0vUNfcGid4Fa_DRXlUoSs6Uvk-9o7D8SA1MeX2Sj_jZg4USkg68vZp7eB2rt10mlkpWZWxbXP2azTj3pgfSe0NltI6B5T26VJwMNMykT7ukVFiyiZmBHwMvTNOU-K6QgJnuBhxfeaCjS5tdtjmAob', 1, '000001', '000001', '2019-09-04 17:25:17.448317', '2019-09-04 17:25:17.448317');

INSERT INTO projects_files VALUES ('000002', '0000000004', 'ファイル2.pptx', '2z413ZHuWzrGBVZ9uEO9bzEBux_GrwvVMLHqSTWV3zfKcyW0Qlx8bgDb9jj9SCdCEhZsQ4oipJtThOhUfSKq9CzRVNjVvv2Y5vL_O97eiwHg4zmdv1PbvZQQHO6aegyHRdP1XhlvCt5eXfKE8q93Km-AThpmhFF9GtO1aFnvNdhqjT1TDibWjlc1trxtixd_XPNn3ly8qW6FCiwnHM1oE7', 1, '000001', '000001', '2019-09-04 17:25:48.317817', '2019-09-04 17:25:48.317817');
INSERT INTO projects_files VALUES ('000002', '0000000005', 'ファイル.txt', 'YRIOjwlNHiZ52g2QYpbNu3SAHV5sCiQ5rmwPm4kc0Mo-lAewO6TBfxn-XWtft2m5stFrcVvglYQOmGzJ_9y6g_IsUCDBiAt1HFDp_iBrPX9SKpvunxR0iD_0ZN-N915COlwyrtC3IJG7f51e12DI_5ywXIQQMz4Af3uvkTDm8vYEmkg4yC65CnHE2urV6fiAmJn9QKYuFLGjdLXQ6BTSY6', 1, '000001', '000001', '2019-09-04 17:28:03.332412', '2019-09-04 17:28:03.332412');
INSERT INTO projects_files VALUES ('000003', '0000000006', 'ファイル.jpg', '7Ze3XpQMZGNuuC8dPYTVcAFBpQkOn8ugH3RGccGggaQ4JwnoRL0K5kL26AjCvWhlSQ2QZ7V23lPSeNiHQqLM4CnSoq44CTF14kUHQARyl674ZgJnpS859h-P9oyGLPpZ_NhP79FOVI_9J0tmghUpwCS_sFLMh-tBxICiIV4FZQ10NvXj1U_zzXG64vU9y86EIKoCoc4_qFuhlNSNEpy2iL', 1, '000001', '000001', '2019-09-04 19:01:24.041769', '2019-09-04 19:01:24.041769');





COMMIT ;
